customer_id,customer_name,email,registration_date,customer_type
1,Allison Hill,donaldgarcia@example.net,2026-05-13 05:58:47,REGULAR
2,Javier Johnson,jesseguzman@example.net,2024-12-23 11:16:56,REGULAR
3,Kimberly Robinson,lisa02@example.net,2025-06-04 17:03:30,REGULAR
4,daniel gallagher,daviscolin@example.com,2025-10-14 19:52:26,REGULAR
5,Monica Herrera,smiller@example.net,,PREMIUM
6,Laura Bush,stanleykendra@example.org,2026-04-16 08:37:13,VIP
7,Jamie Chavez,francisco53@example.net,2025-02-11 04:14:52,PREMIUM
8,Maria Lynch,amandasanchez@example.com,2025-05-04 05:27:07,REGULAR
9,Margaret Hawkins DDS,perezantonio@example.com,2025-05-20 01:31:43,PREMIUM
10,Thomas Bradley,jason76@example.net,2025-07-01 03:29:10,PREMIUM
11,David Hoffman,julie69@example.com,2025-04-21 11:47:17,REGULAR
12,Brenda Snyder PhD,hernandezernest@example.net,2025-06-04 09:06:08,REGULAR
13,James Ferrell,tasha01@example.net,2026-05-07 20:34:47,REGULAR
14,Patricia Peterson,ryan70@example.net,2026-05-01 08:08:28,REGULAR
15,Jonathan White,harrellkenneth@example.net,2025-08-05 18:02:47,VIP
16,James Martin,georgetracy@example.org,2026-06-09 04:20:27,PREMIUM
17,Sandra Parker,allenashley@example.org,2024-10-01 21:42:28,REGULAR
18,Mr. Philip Cannon,donnaarroyo@example.org,2025-02-09 18:36:45,PREMIUM
19,Jenny Lewis,jenniferross@example.net,2025-11-17 11:52:53,VIP
20,Joseph Martinez,calebsmith@example.net,2025-01-15 06:51:59,REGULAR
21,Benjamin Welch,carlosjohnson@example.com,2024-09-21 02:39:53,REGULAR
22,Michael Lewis,jenniferkhan@example.net,2025-07-11 05:25:32,REGULAR
23,Rhonda Lee,hopkinsmichael@example.com,2025-07-07 02:34:19,PREMIUM
24,Megan Joyce,brownjessica@example.org,2025-01-28 19:29:02,VIP
25,Jerry Henderson,steven17@example.net,2024-10-10 20:16:02,REGULAR
26,Kimberly Smith,housemelinda@example.org,2025-05-23 21:25:50,REGULAR
27,Dr. Steven Martin,gallowayjoseph@example.com,2025-02-24 12:08:05,REGULAR
28,Monica Logan,smoore@example.org,2026-07-08 01:49:36,REGULAR
29,Kimberly Adkins,williamsthomas@example.net,2024-11-23 06:23:05,REGULAR
30,Angela Lopez,leonardjoe@example.org,2026-06-18 07:08:28,PREMIUM
31,Lauren Williams,barnesbrandy@example.net,2025-03-19 04:58:47,REGULAR
32,Michael Edwards,randy47@.com,2026-06-09 02:56:07,PREMIUM
33,Alexandra Howell,jonesjason@example.com,2024-11-05 01:06:51,VIP
34,Benjamin Sanchez,eric84@example.net,2026-07-19 02:57:35,PREMIUM
35,Kendra Contreras,sarah12@example.com,2024-10-23 14:59:53,REGULAR
36,Juan Nelson,jenniferharris@example.net,2026-04-14 14:30:59,REGULAR
37,Danielle Odonnell,davisrodney@example.com,2024-09-01 13:58:41,REGULAR
38,Carlos Whitney,joycearnold@example.com,2025-09-13 14:12:59,REGULAR
39,Tony Vazquez,amydavenport@example.net,2025-09-07 11:28:21,REGULAR
40,Andrew Diaz,nolanjason@example.org,2025-11-29 22:28:42,REGULAR
41,Justin Baxter,sarayoung@example.org,2026-07-13 13:04:29,REGULAR
42,Sierra Johnson,kimberly63@example.com,2024-11-24 13:17:15,REGULAR
43,Janet Williams,dwalker@example.com,2025-03-11 01:15:48,PREMIUM
44,Crystal Johnson,raymondramirez@example.org,2026-07-06 17:57:31,REGULAR
45,Martin Ross,sheila14@example.org,2025-09-27 22:48:52,REGULAR
46,Mrs. Linda Reed,samuel81@example.com,2026-05-18 14:13:31,REGULAR
47,Andrew Graham,michaeljones@example.net,2026-06-03 02:32:33,REGULAR
48,Mary Martinez,william65@example.com,2025-12-22 00:31:06,VIP
49,Cheryl Ortega,lbyrd@example.net,2025-09-19 13:44:59,REGULAR
50,Roy Torres,russellcarpenter@example.net,2025-03-23 11:54:47,VIP
51,Michael Dixon,donnacampbell@example.net,2025-11-05 03:21:10,REGULAR
52,Robert Potter,jeffrey32@example.org,2024-09-03 03:12:57,VIP
53,Miss Patricia Gibson,jennifercruz@example.com,2025-01-25 09:41:26,REGULAR
54,Abigail Potter,osbornejeffery@example.net,2025-08-13 06:17:02,PREMIUM
55,David Charles,danderson@example.net,2025-08-22 20:55:49,REGULAR
56,Emily Fischer,usalazar@example.net,2025-06-07 17:18:02,REGULAR
57,Jill Moore,wcole@example.org,2026-04-05 02:02:40,VIP
58,Richard Washington,joshuajones@example.com,2025-01-18 11:31:45,REGULAR
59,Steven Miller,jessebenson@example.net,2025-01-03 11:54:45,REGULAR
60,Gary Owens,clarkrobert@example.net,2026-06-21 13:19:41,REGULAR
61,Spencer Johnston,wsmith@example.com,2026-02-01 01:36:32,PREMIUM
62,Tiffany Barnes,tracynelson@example.com,2024-08-21 14:16:51,REGULAR
63,Michael Powell,marycalhoun@example.net,2025-08-25 01:18:30,REGULAR
64,Leslie Alvarado,dayderek@example.com,2024-12-10 23:45:10,REGULAR
65,Garrett Gibson,kathleen64@example.com,2025-01-31 10:46:37,PREMIUM
66,Alec Ryan,jeffrey10@example.org,2026-06-24 03:28:29,PREMIUM
67,Alex Hernandez,thomaswilson@example.org,2025-07-05 15:43:12,REGULAR
68,Jacob Obrien,stricklandfrank@example.com,2024-10-18 06:40:09,VIP
69,Eric Byrd,tsanders@example.org,2024-09-24 20:38:17,REGULAR
70,Lori Garcia,melissa91@example.net,2026-02-22 08:07:56,REGULAR
71,Jeffrey Wood,alexander67@example.org,2025-06-12 16:02:52,VIP
72,Steven Stevens,ryangross@example.net,2025-02-13 10:36:04,REGULAR
73,KIMBERLY WEBB,lpetersen@example.com,2025-03-23 12:52:56,PREMIUM
74,Timothy Ramirez,dsanchez@example.net,,REGULAR
75,Allen Rosales,tonykelly@example.com,2025-04-05 16:37:02,PREMIUM
76,Meredith Hill,blackjames@example.org,2026-01-07 16:50:59,REGULAR
77,Peter Vaughn DDS,bwest@example.org,2025-03-03 01:27:49,PREMIUM
78,David Beck,thomas85@example.com,2026-07-28 10:40:25,PREMIUM
79,Heather Chavez,john13@example.com,2024-10-26 15:14:07,REGULAR
80,Pamela Lopez,joannahill@example.net,2026-07-13 20:05:43,PREMIUM
81,Diane Garcia,kennethward@example.com,2024-08-10 17:49:52,REGULAR
82,Denise Mccann,heidi27@example.org,2026-04-29 01:17:11,PREMIUM
83,Julie Alexander,tammyking@example.com,2024-10-22 15:30:40,PREMIUM
84,John Ray,hernandezlisa@example.com,2024-10-01 13:26:05,REGULAR
85,Justin Butler,kimberlyjames@example.com,2025-03-05 08:02:39,REGULAR
86,Jessica Carroll,lynchjody@example.org,2025-10-30 17:20:42,VIP
87,Brad Allen,moorericky@example.net,2025-10-07 14:17:22,VIP
88,David Mann,ojones@example.com,2026-02-26 03:02:35,VIP
89,Mary Peck,owilson@example.net,2024-11-17 02:33:47,REGULAR
90,Charles Brown,brooke94@example.com,2024-10-30 03:15:08,REGULAR
91,Melissa Bender,mkim@example.org,2026-05-11 05:43:02,REGULAR
92,Lindsey Johnson,suzannehuff@.com,2025-10-02 17:11:41,PREMIUM
93,Phillip Underwood,hinesgregory@example.net,2025-11-18 16:26:37,REGULAR
94,Catherine Richards,ecosta@example.com,2025-05-25 07:17:26,PREMIUM
95,Brian Martin,ssteele@example.net,2026-06-20 22:07:23,REGULAR
96,Krista Gibson,johnny16@example.net,2026-03-25 04:33:28,REGULAR
97,Sean Murray,lopezmichael@example.com,2025-10-30 15:29:03,REGULAR
98,Christina Dunn,samuel71@example.org,,REGULAR
99,Cynthia Moore,tranchristopher@example.org,2025-07-03 00:56:11,REGULAR
100,Ronnie Jimenez,william46@example.com,2026-07-16 11:46:51,VIP
101,Juan Reyes,michellehill@example.com,2025-04-05 08:30:03,REGULAR
102,Debra Smith,mary97@example.org,2025-06-22 04:03:56,PREMIUM
103,Mr. Phillip Bennett,molly39@example.com,2025-01-17 19:13:39,REGULAR
104,Amanda Garner,qhughes@example.net,2026-07-16 21:49:17,REGULAR
105,Andrew Shaw MD,sawyerscott@example.net,2026-05-26 13:42:15,REGULAR
106,Charles Pitts,charlesharrington@example.com,2025-04-04 09:29:45,REGULAR
107,Marie Christian,ofinley@example.net,2026-05-09 18:58:43,REGULAR
108,Joshua Williamson II,wendy16@example.org,2026-02-06 02:18:57,REGULAR
109,Ashlee Jackson,rebecca05@example.org,2025-03-02 10:16:13,PREMIUM
110,Charles Schmidt,georgemiller@example.com,2025-10-26 11:43:12,VIP
111,Thomas Thomas,dlittle@example.com,2025-11-29 20:51:19,REGULAR
112,Julie Roberts,charleslandry@example.net,2025-03-06 15:34:38,PREMIUM
113,Melissa Bryant,james67@example.org,2025-01-20 11:00:42,REGULAR
114,Laura Haney,andrew64@example.org,2025-09-17 06:08:30,REGULAR
115,Natasha Williams,swall@example.org,2025-10-17 06:19:51,REGULAR
116,Mark Oliver,courtneyberger@example.net,2024-08-29 04:19:11,REGULAR
117,Amanda Diaz,christopherphillips@example.net,2025-05-30 12:33:25,REGULAR
118,Richard Walter,alyssa42@example.com,2026-05-29 04:51:31,VIP
119,Tracy Phillips,linda71@example.org,2026-02-01 13:27:02,PREMIUM
120,Michael Craig,zcoffeyexample.net,2025-04-24 05:56:32,PREMIUM
121,Alexis Herrera,vrichardson@example.net,2025-02-07 15:55:27,REGULAR
122,Mark Watson,thomasharvey@example.net,2025-03-27 16:42:17,REGULAR
123,maria reid,tblankenship@example.net,2025-05-25 06:22:34,REGULAR
124,Tracy Torres,pwilson@example.net,2024-11-07 09:16:09,REGULAR
125,Michael Paul,umatthews@example.org,,REGULAR
126,Sandra Gilbert,antonio53@example.com,2025-06-20 19:38:59,REGULAR
127,Jack Pollard,amy50@example.com,2025-02-17 16:07:41,REGULAR
128,Tiffany Holloway,batesdarlene@example.net,2026-07-09 19:33:50,REGULAR
129,GAVIN ZHANG,caseyhubbard@example.org,2025-10-02 04:14:30,REGULAR
130,Crystal Schroeder,ramireztracey@example.org,2025-08-29 11:57:40,VIP
131,Ashley Delacruz,alexistyler@example.org,2025-10-03 23:28:57,REGULAR
132,Derek Martinez,vfox@example.org,2025-07-13 20:00:50,REGULAR
133,Kayla Rodriguez,soniawilliams@example.net,2025-08-15 19:26:45,PREMIUM
134,Victor Brown,bboone@example.net,2024-10-18 04:16:20,REGULAR
135,jill lam,charlene12@example.com,2025-10-29 20:22:45,REGULAR
136,Michelle James,shawn96@example.org,2026-03-01 23:16:26,REGULAR
137,Matthew Rich,russellbeasley@example.com,2025-04-04 15:58:49,REGULAR
138,Jason Davis,qedwards@example.com,2026-06-27 01:10:06,REGULAR
139,Kara Davis,daviscolin@example.net,2025-04-29 06:15:02,REGULAR
140,Anthony Frye,elizabeth65@example.net,2026-06-17 22:58:42,VIP
141,Thomas Williams,caroline51@example.net,2025-08-05 13:39:49,REGULAR
142,John Boone,megan51@example.com,2025-09-23 05:11:44,PREMIUM
143,Sarah Villegas,lynchdiane@example.net,2025-02-11 12:28:29,PREMIUM
144,Michael Parker,michael22@example.net,2025-11-22 22:36:09,REGULAR
145,Patrick Bonilla,reesejason@example.com,2025-06-27 08:20:27,REGULAR
146,Eric Nguyen,wareeric@example.net,2024-09-05 17:20:46,REGULAR
147,Jeremy Coleman,nperry@example.net,2024-10-22 10:47:26,PREMIUM
148,Douglas Gregory,trose@example.org,,VIP
149,Mrs. Christine Dougherty,kathrynroberts@example.org,2024-08-06 01:27:35,PREMIUM
150,Casey James,vincentwhitaker@example.com,2024-09-21 23:59:29,PREMIUM
151,Amanda Smith,atkinsbarbara@example.net,2025-05-22 10:34:12,REGULAR
152,Donna Sullivan,george97@example.net,2026-06-02 09:00:56,REGULAR
153,Ryan Sanchez,zwarren@example.com,2026-01-26 11:19:16,REGULAR
154,Richard Jones,schmidtjames@example.com,2025-04-13 13:00:50,REGULAR
155,Maria Hernandez,thomasjames@example.net,2024-11-19 22:29:57,REGULAR
156,Angela Bean,kmarshall@example.net,2025-06-23 21:20:45,REGULAR
157,Kristy Reid,michelle52@example.com,2024-09-19 05:39:04,REGULAR
158,Eric Hill,bellcharles@.com,2025-06-26 02:01:09,VIP
159,Ronald Jones,gilbertwilliam@example.com,2025-09-27 18:15:25,PREMIUM
160,Nancy Williams,marcalvarez@example.org,2026-06-30 01:28:18,REGULAR
161,Robert Monroe,wagnergerald@example.org,2025-12-29 14:49:46,VIP
162,Kelly Bishop MD,paul59@example.org,2026-02-27 03:32:04,REGULAR
163,Andrea Davis,umitchell@example.net,2026-07-04 22:33:22,REGULAR
164,Brittany Miller,sabrinacollins@example.net,2025-12-22 22:46:48,PREMIUM
165,Kurt Hurley,angelica52@example.net,2025-12-26 02:57:13,REGULAR
166,Yolanda Gaines,lucasrodney@example.com,2024-08-13 17:17:59,VIP
167,Trevor Peterson,ilee@example.org,2024-09-25 17:05:51,PREMIUM
168,Ashley Wise,stanleynancy@example.net,2024-11-04 00:28:19,REGULAR
169,Christopher Guerra,jenniferwilliams@example.com,2025-12-06 19:33:56,REGULAR
170,Jeremy Mitchell,pyoung@example.com,2026-07-05 19:19:50,REGULAR
171,Stephanie Lee,smurray@example.com,2025-08-02 06:46:38,REGULAR
172,Christopher Gonzalez,moniquewilliams@example.com,2026-04-30 01:44:53,REGULAR
173,Ashley Singleton,mitchellkathryn@example.com,2025-06-24 04:35:36,REGULAR
174,Sandra Davis,lisawilkerson@example.org,2025-05-30 01:56:39,REGULAR
175,James Hughes,brooksanthony@example.org,2026-04-04 14:01:26,REGULAR
176,Raven Taylor,samantha72@example.net,2025-07-08 15:04:59,VIP
177,Susan Smith,marydunn@example.net,2025-10-18 14:06:31,REGULAR
178,Ricardo Young,williamsrobert@example.net,2025-06-29 21:03:14,REGULAR
179,Taylor Carlson,chenbailey@example.net,2024-11-13 03:48:09,VIP
180,Lucas Allen,qlopez@example.org,2025-08-17 07:02:40,REGULAR
181,Troy Stephens,myerstheodore@example.net,2025-05-09 15:27:38,VIP
182,Paul Kelly,cooperjessica@example.net,2024-10-15 01:01:32,REGULAR
183,Nicole Anderson,amy27@example.net,2025-07-15 12:01:20,REGULAR
184,Chad Baldwin,mjohnson@example.org,2026-02-28 12:29:19,REGULAR
185,Emily Collins,ihays@example.com,2025-02-01 05:01:26,REGULAR
186,Cheryl Kelly,glennmartin@example.org,2026-03-06 12:37:53,REGULAR
187,James Gonzales,lmorgan@example.com,2025-12-18 06:31:52,REGULAR
188,Robert Adams,acostachristian@example.net,2026-07-27 07:49:45,PREMIUM
189,Edward Garcia,donna47@example.net,2026-01-05 22:37:33,REGULAR
190,Jeremy West,christina64@example.net,2026-07-16 07:58:31,REGULAR
191,Angela Walsh,william20@example.org,2026-04-11 12:13:23,REGULAR
192,Jessica Martinez,kimberlydiaz@example.com,2026-06-24 00:56:34,VIP
193,Christian Cole,nathan19@example.org,2025-08-21 15:39:28,PREMIUM
194,Matthew Wright,johnsonjacob@example.net,2025-05-09 17:19:03,REGULAR
195,Deborah Green,nlewis@example.com,2025-12-19 16:00:29,REGULAR
196,Mrs. Brandy Jones MD,zosborn@example.net,2026-07-07 05:43:33,PREMIUM
197,Miss Michelle Pierce,patricia22@example.com,2025-08-06 13:10:46,REGULAR
198,Curtis Taylor,jjohnson@example.net,2025-04-26 12:50:52,REGULAR
199,Kristen Salazar,jonesraymond@example.net,2026-01-06 19:45:11,REGULAR
200,Patricia Morrow,martinezlogan@example.org,2025-06-24 16:03:56,REGULAR
201,Haley Humphrey,katrinaanderson@example.net,2026-05-26 18:26:29,REGULAR
202,Caleb Hernandez,fernandodonovan@example.org,2025-04-09 20:08:03,PREMIUM
203,Stephanie Singleton,james84@example.org,2025-10-30 08:43:11,PREMIUM
204,Anna Davidson,georgeweber@example.net,2025-04-03 17:00:35,VIP
205,Amanda Shields,williamsdarlene@example.net,2025-02-09 11:35:48,REGULAR
206,Kenneth Montgomery,jimenezcourtney@example.com,2025-11-11 16:19:58,REGULAR
207,David Aguirre,eevans@example.net,2024-09-13 03:03:25,REGULAR
208,John Harris,larryhiggins@example.net,2026-07-22 03:58:02,REGULAR
209,James Hodges,floressteven@example.com,2025-06-24 09:26:22,PREMIUM
210,Anthony Dougherty,kwright@example.com,2026-06-12 13:48:07,PREMIUM
211,Cheryl Moore,tjimenez@example.com,2024-08-17 07:53:16,REGULAR
212,Kathy Levy,brandywilliams@example.com,2025-07-27 10:29:54,PREMIUM
213,Martha Ruiz,booneryan@example.com,2026-01-13 02:59:25,PREMIUM
214,Holly Morales,michaelroberts@example.com,2025-08-03 06:23:31,REGULAR
215,Diana Hays,andersoncolin@example.com,2026-03-03 06:48:26,REGULAR
216,Todd Fischer,carriemorales@example.org,2024-09-02 11:16:39,REGULAR
217,Gary Wells,ghernandez@example.org,2025-03-27 15:59:49,REGULAR
218,Carla Ewing,brittney88@example.net,2025-07-23 18:07:42,REGULAR
219,Karen Smith,emily69@.com,2026-03-04 15:19:45,REGULAR
220,Melissa Johnson,pbaker@example.net,2025-09-25 19:04:26,REGULAR
221,Lauren Jackson,rhernandez@example.org,2024-08-23 10:50:59,PREMIUM
222,Ashley Smith,robert63@example.com,2025-08-01 11:44:36,REGULAR
223,Kaitlyn Charles,thorntonapril@example.net,2025-03-25 12:56:22,REGULAR
224,Kelly Edwards,stevepatel@example.net,2025-04-15 20:48:53,REGULAR
225,Michelle Schneider,chelsea33@example.com,2025-09-11 12:50:29,REGULAR
226,William Evans,janet75@example.com,2025-04-11 20:48:24,PREMIUM
227,Rebecca Hill,berryamy@example.com,2026-03-20 09:53:17,REGULAR
228,Regina Roberts,stephanie15@example.com,2025-11-21 22:34:19,PREMIUM
229,Cindy Clayton,sarah42@example.org,2025-10-23 13:06:22,REGULAR
230,Dana Santiago,danawilliams@example.com,2025-03-29 08:45:01,REGULAR
231,Michael Taylor,richarddonovan@example.com,2025-07-14 17:04:04,REGULAR
232,Victor Morris,velezchristopher@example.net,2025-01-16 19:43:41,VIP
233,Sarah Johnson,robertmonroe@example.org,2026-07-28 20:08:01,REGULAR
234,Jon Zuniga,nancy04@example.net,2025-10-14 03:21:47,REGULAR
235,Frances Gibson,ismall@example.net,2025-07-07 20:00:40,PREMIUM
236,Brian Martin,twong@example.org,2024-08-10 16:42:27,PREMIUM
237,Edward Craig,gregorychase@example.com,,REGULAR
238,Angie Caldwell,tinawoods@example.org,2024-08-05 09:42:24,REGULAR
239,Jeremy Adams,kevin90@example.com,2025-11-20 06:30:10,REGULAR
240,AMY WILSON,erik84@example.net,2024-10-25 01:47:12,REGULAR
241,Elizabeth Mendez,susanmendoza@example.com,2026-01-27 21:06:39,REGULAR
242,Jennifer Dunn,ztodd@example.net,2026-03-25 16:23:53,REGULAR
243,Melanie Larson,foxallison@example.com,2024-09-26 09:30:47,REGULAR
244,Amy Kelley,ashleyhernandez@example.com,2026-04-15 18:03:33,VIP
245,Michael Love,gdavis@example.com,2026-03-13 08:19:16,REGULAR
246,Jose Bryant,hansenemily@example.com,2026-01-10 00:58:07,VIP
247,Robert Reese,williamsmelvin@example.org,2025-08-30 04:33:33,VIP
248,Steven Andersen,ajohnson@example.org,2026-02-12 08:55:19,REGULAR
249,Veronica Brewer,ybrooks@example.com,2026-04-26 19:01:22,REGULAR
250,Jaime Vega,desireebailey@example.org,2026-07-25 16:24:47,REGULAR
251,Cameron Irwin,avilatiffany@example.com,,PREMIUM
252,Kim Morrow,stevenmoore@example.org,2026-06-15 05:51:32,REGULAR
253,Ashley Pacheco,bmendez@example.org,2024-12-28 18:06:23,PREMIUM
254,Andrew Harper,sanchezbradley@example.com,2025-01-18 08:49:40,REGULAR
255,Scott Brown,jim95@example.net,2025-10-10 14:11:02,REGULAR
256,Erica Turner,valerieboyd@example.com,,REGULAR
257,Travis Hobbs,conniesimmons@example.com,2024-09-03 14:57:09,REGULAR
258,Mason James,heather62@example.com,2025-05-02 01:00:45,PREMIUM
259,Kara Atkinson,meredith27@example.org,2025-09-14 16:06:41,REGULAR
260,Kristin Anderson,jonathanrivera@example.org,2026-06-04 04:01:13,PREMIUM
261,Anna Hardy,brettbennett@example.net,2025-10-14 05:47:53,VIP
262,Chelsea Gill,timothybooth@example.com,2025-03-09 14:11:55,REGULAR
263,Christy Lee,burgesskaren@example.org,2025-12-20 20:49:09,REGULAR
264,Jennifer Allen,kimberly67@example.net,2025-11-16 15:37:48,REGULAR
265,Ian Andrade,ugarcia@example.com,2026-02-07 00:21:45,REGULAR
266,Dale Edwards,hartjeffrey@example.org,2024-08-12 06:05:54,PREMIUM
267,Lauren Cortez,elijah53@example.com,2025-09-20 01:43:46,PREMIUM
268,Juan Harding,jonathan77@example.com,2024-12-01 03:28:56,REGULAR
269,Caroline Cortez,iwhite@example.net,2026-06-29 16:58:20,REGULAR
270,Sara Jones,duranrobert@example.net,2025-01-16 05:57:11,VIP
271,Alexa Wagner,bruce97@example.net,2025-07-22 07:14:55,REGULAR
272,Juan Smith,amanda40@example.net,2026-03-16 14:29:40,REGULAR
273,Renee Browning,hullalice@example.org,2024-12-18 10:22:57,REGULAR
274,Robin Adams,zmiller@example.com,2025-09-16 13:54:55,PREMIUM
275,Courtney Sutton DVM,davisnicholas@example.net,2025-07-13 15:47:49,REGULAR
276,Michele Miller,vnewman@example.net,2026-07-14 08:44:21,REGULAR
277,Stephanie Ellison,jasonparrish@example.net,2025-07-13 06:57:32,REGULAR
278,Benjamin Frost,whitemelissa@example.org,2026-07-02 19:04:09,PREMIUM
279,Nicole Marquez,thickman@example.org,,VIP
280,Sarah Rhodes,patrick21@example.net,2026-01-26 05:13:26,PREMIUM
281,Brent Hall,petersonkayla@example.net,,PREMIUM
282,Alyssa Nelson,whenry@example.net,2026-06-17 23:12:19,REGULAR
283,Michael Guerrero,bartonkenneth@example.org,2026-01-02 14:53:24,REGULAR
284,Christian Dawson,jodistewart@example.org,2024-10-06 04:25:26,PREMIUM
285,Jill Juarez,andersonjacob@example.com,2025-09-10 17:33:17,REGULAR
286,Ashley Davis,carlsonkristen@example.com,2024-08-09 10:10:54,REGULAR
287,Richard Hardy,ashleyjackson@example.com,2024-12-02 01:41:00,PREMIUM
288,Derrick Thomas,ryanfisher@example.com,2026-02-22 08:40:47,REGULAR
289,Tony Le,mwheeler@example.com,2024-10-17 10:56:57,REGULAR
290,Travis Cook,vbrockexample.com,2025-04-01 14:31:46,REGULAR
291,Shannon Mccann,kevinmorrison@example.net,,PREMIUM
292,Vincent Novak,jessica79@example.org,2025-03-26 03:35:17,REGULAR
293,Richard Diaz,brittanygardner@example.net,2026-02-11 09:12:51,PREMIUM
294,Nicholas Hahn,samuelcarter@.com,2024-09-19 20:55:30,REGULAR
295,Rebecca Chambers,cynthiaallen@example.net,2024-11-20 20:47:38,REGULAR
296,james cole,iaguilar@example.net,2026-06-05 02:14:55,PREMIUM
297,Jennifer Johnson,jacqueline89@example.net,2026-05-29 11:01:35,REGULAR
298,David Ortega,deborahwilliams@example.net,2025-12-07 14:58:51,REGULAR
299,Paul Sheppard,grodriguez@example.com,2025-01-09 08:49:00,REGULAR
300,Kristin Watts,seanmyers@example.net,2025-10-03 18:52:43,REGULAR
301,Haley Johnson,phillipssamantha@example.org,2024-10-24 02:12:52,REGULAR
302,Brenda Collins,hmueller@example.com,2025-04-11 12:00:09,PREMIUM
303,Nathan Chavez,evanslisa@example.org,2024-08-16 21:32:15,REGULAR
304,Brian Marsh,zacharyarnold@example.com,2025-09-12 19:41:42,VIP
305,Crystal Sullivan,jacobsandoval@example.com,2024-08-21 17:12:45,PREMIUM
306,Christina Vargas,nsmith@example.org,2025-02-19 11:15:21,REGULAR
307,Rebecca Ray,michaelgonzalez@example.org,2025-02-07 19:17:08,REGULAR
308,Kelsey Fowler,lcarr@example.org,2025-04-11 05:25:33,PREMIUM
309,Lisa Cervantes,samantha91@example.net,2024-11-06 03:13:17,REGULAR
310,Eric White,williambarnes@example.org,2025-09-23 17:33:23,PREMIUM
311,John Medina,angelaburns@example.org,2024-12-14 21:45:37,REGULAR
312,Lisa Glenn,washingtonjames@example.com,2026-07-04 12:23:07,REGULAR
313,Kathleen Cohen,cmckinney@example.com,2024-11-30 10:19:19,PREMIUM
314,Rebecca Walker,hillamanda@example.org,2026-02-20 22:57:10,REGULAR
315,Patricia Simpson,armstrongjoseph@example.net,2026-03-23 23:46:06,REGULAR
316,Rodney Williams,bpayne@example.org,2026-01-19 07:27:54,REGULAR
317,Danielle Golden,colemichael@example.org,2025-06-16 17:09:12,REGULAR
318,Patricia Young PhD,michelle96@example.org,2025-10-23 21:24:28,REGULAR
319,Robin Trujillo,amanda98@example.org,2025-03-24 12:30:01,REGULAR
320,Donna Adams,taylorkaren@example.com,2026-06-01 15:29:23,REGULAR
321,Sharon Martinez DVM,dustinmorris@example.org,2026-02-06 21:38:32,REGULAR
322,Katherine Ray,courtney67@example.org,2025-11-05 15:22:44,REGULAR
323,Anna Robertson,heather57@example.com,2025-03-27 04:09:07,REGULAR
324,Raymond Oconnor,sreid@example.com,2026-04-12 13:22:49,REGULAR
325,Jennifer Donaldson,troymorris@example.com,2025-04-03 19:23:00,REGULAR
326,Kylie Washington,patricia00@example.org,2025-10-31 04:58:43,PREMIUM
327,Alexis Noble,scottsmith@example.com,2024-12-26 00:13:06,PREMIUM
328,Bonnie Santos,nancymcdowell@example.org,2025-11-20 22:20:24,REGULAR
329,Jacob Mckee,brettgarrett@example.net,2025-12-23 15:36:43,PREMIUM
330,Matthew Padilla,lewischristian@example.net,2025-01-12 10:10:09,REGULAR
331,Alexandra Dominguez,mcneilrobert@example.org,2025-07-14 21:28:29,REGULAR
332,Brandon Shaffer,edwardsnicole@example.org,2025-05-06 14:37:29,REGULAR
333,Shelly May,caseyelliott@example.net,2025-11-17 14:22:12,REGULAR
334,Nathan Fuller,samanthajensen@example.com,2026-04-19 17:56:21,REGULAR
335,Brian Goodwin,bbell@example.com,2026-02-28 11:55:07,PREMIUM
336,Matthew Wright,kimberly04@example.org,2025-08-13 02:37:53,REGULAR
337,Nicole Phillips,bowerslaura@example.org,2025-07-27 10:23:05,PREMIUM
338,Jonathan Wheeler,hatfieldsarah@example.org,2025-05-09 14:42:24,REGULAR
339,Jennifer Payne,kathrynbest@example.org,2024-08-12 14:19:06,VIP
340,Dennis Williams,fryraymond@example.com,2025-11-01 22:50:32,REGULAR
341,Jennifer Miles,davidsonamanda@example.org,2025-02-18 19:54:00,VIP
342,Jorge Harris,amandamyers@example.net,2026-02-08 04:17:24,PREMIUM
343,Maria Collins,pblair@example.org,2025-01-25 18:21:45,REGULAR
344,Audrey Salazar,parkerjudith@example.net,2024-12-06 13:15:09,PREMIUM
345,Chad Smith,hbentonexample.net,2026-02-22 14:17:26,PREMIUM
346,Carol Martinez,jessica10@example.com,2026-03-12 04:35:06,REGULAR
347,Austin Joseph,crawfordwilliam@example.org,2025-07-30 21:03:37,REGULAR
348,Holly Scott,shannonemily@example.org,2025-01-14 00:55:24,VIP
349,Amanda Roy,brandoncox@.com,2024-12-08 23:17:25,REGULAR
350,Amanda Pratt,pwalker@example.com,2026-05-30 12:28:26,REGULAR
351,Roger Duncan,shawrachel@example.org,2025-01-10 05:32:42,REGULAR
352,Amber Morales,xcline@example.com,2025-03-27 04:21:20,REGULAR
353,Aimee Gonzalez,jodi37@example.com,2025-10-06 01:10:09,VIP
354,Raymond Gonzalez DVM,edwardrandolph@.com,2025-01-17 09:20:27,PREMIUM
355,Ryan Wiley,aaron64@example.org,2024-12-28 02:34:22,REGULAR
356,Mrs. Tonya Kaufman,jenniferdavis@example.org,2026-05-16 23:24:24,REGULAR
357,Mercedes Watson,carpenterwilliam@example.net,2026-03-21 13:38:42,REGULAR
358,Keith Graham,joelgreen@example.com,2026-06-06 22:49:34,REGULAR
359,Ronnie Nguyen,enelson@example.org,2024-11-07 17:06:33,REGULAR
360,Ashley Garcia,aowens@example.org,2025-08-26 08:50:17,REGULAR
361,Christine Parker,melissa12@example.net,2025-03-10 08:10:41,REGULAR
362,Lindsey Lewis,eddie35@example.com,2025-08-09 23:32:01,REGULAR
363,Debbie Ewing,cranemelissa@example.net,2026-01-28 03:07:36,PREMIUM
364,Joel Lara,davidbrown@example.org,2024-11-03 18:37:40,REGULAR
365,Jacqueline Mccoy,aguilarjonathan@example.org,2024-08-16 07:47:43,PREMIUM
366,Steven Ramos,christopherboone@example.com,2024-10-28 19:17:01,REGULAR
367,Amber Glass,zunderwood@example.com,2024-08-21 22:17:24,REGULAR
368,Carrie Lewis,joshuagriffin@example.org,2024-08-25 16:45:14,REGULAR
369,Danielle Phillips,eandrade@example.org,2024-10-03 09:54:54,VIP
370,Jason Day,crystalpham@example.org,2026-07-23 04:07:54,REGULAR
371,Heather Stephens,kcooper@example.net,2025-03-23 00:37:26,REGULAR
372,Alexander Harper,huangkimberly@example.org,2026-03-13 07:39:08,PREMIUM
373,Hunter Silva,terrigarcia@example.net,2025-01-23 08:06:56,REGULAR
374,Raven Mclaughlin,barbaramcgrath@example.com,2025-04-16 05:52:39,REGULAR
375,Sarah Thompson,linda59@example.org,2025-12-26 13:50:37,REGULAR
376,Keith Thomas,marycochran@example.com,2025-08-30 21:23:08,REGULAR
377,Andrew Brown,andrewwoods@example.com,2026-06-01 00:12:50,REGULAR
378,Carlos Love,brian29@example.net,2026-05-31 12:26:54,REGULAR
379,Sarah Valencia,brookssheri@example.com,2025-10-01 21:49:36,REGULAR
380,Frank Daugherty,fconner@example.net,2025-03-19 20:58:25,PREMIUM
381,Kristina Preston,jeffrey92@example.com,2025-03-12 05:50:31,PREMIUM
382,Bethany Daniel,xrosales@example.net,2024-08-24 01:04:11,REGULAR
383,Tammy Ponce,daniellegarcia@example.com,2024-11-11 00:26:41,VIP
384,Cynthia Haas,daisymccarty@example.net,2025-12-02 04:35:48,REGULAR
385,Gabriela Smith,johnjones@example.com,2026-02-25 12:53:48,REGULAR
386,Amber Kim,acosta@example.com,2026-05-05 15:44:44,REGULAR
387,James Poole,franciscojones@example.org,2025-03-03 13:14:48,VIP
388,Trevor Jones,pamelamartin@example.org,2025-09-03 11:33:05,PREMIUM
389,Anna Wheeler,bbush@example.net,2024-11-28 18:49:12,REGULAR
390,Brooke Garcia,terriortiz@example.net,2026-01-09 03:13:29,PREMIUM
391,Deborah Campbell,codylong@example.net,2026-04-05 01:53:52,REGULAR
392,Isaac Patterson,madison97@example.org,2024-10-10 04:07:42,REGULAR
393,Mark Rowland,tanthony@example.com,2025-07-09 23:11:51,REGULAR
394,Deborah May,ylopez@example.com,2024-12-14 12:43:58,REGULAR
395,Jeremiah Baker,anne21@example.org,2025-11-30 19:37:23,REGULAR
396,Jennifer Avila,angelarandall@example.net,2025-06-01 19:20:15,VIP
397,Sharon Wells,thomasmiller@example.net,2024-08-25 18:08:17,REGULAR
398,Kellie Duncan,davidtodd@example.org,2026-06-23 17:50:28,REGULAR
399,Daniel Lee,hendersonvanessa@example.com,2024-12-25 17:14:02,REGULAR
400,Brittany Larson,renee11@example.com,2025-09-10 06:41:08,REGULAR
401,Shannon Stone,buchanancindy@example.net,2026-02-21 15:30:20,REGULAR
402,Chase Knight,buckleyanna@example.org,2026-02-24 14:35:08,REGULAR
403,Sheryl Humphrey,patrick79@example.net,2025-07-11 12:00:05,REGULAR
404,Jamie Montgomery,vwilliams@example.net,2025-01-20 17:33:09,PREMIUM
405,Tammie Prince,morganlaura@example.com,2025-02-20 22:18:10,REGULAR
406,Michael Garcia PhD,kevinmanning@example.com,2025-02-12 23:00:14,REGULAR
407,Matthew Lopez,robinrussell@example.com,2026-02-05 10:58:20,REGULAR
408,Samantha Robertson,cameronmckinney@example.com,2024-11-07 09:01:13,REGULAR
409,Sherry Johnson,nancygonzalez@example.org,2025-01-29 10:05:02,PREMIUM
410,Thomas Bush,micheal78@example.com,2025-11-06 22:34:41,REGULAR
411,ANDRE WATSON,ethompson@example.net,2025-09-06 14:36:52,REGULAR
412,Ryan Green,mitchellpaul@example.org,2026-04-15 06:25:20,PREMIUM
413,Cindy Walker,ericaadams@example.com,2025-08-09 20:24:35,PREMIUM
414,Tracy Fleming,pbuck@example.org,2025-10-12 22:37:58,PREMIUM
415,David Trujillo,jennifer46@example.com,2026-04-13 15:17:25,REGULAR
416,Daniel Turner,asilva@example.net,2026-07-30 11:39:29,PREMIUM
417,Sara Hoffman,kenneth17@example.org,2025-04-02 17:37:16,REGULAR
418,Frederick Hill,jacob83@example.org,2026-03-10 23:12:25,REGULAR
419,Lindsay Guerrero,jenniferrios@example.com,2025-02-05 16:02:20,REGULAR
420,James Johnson,matthewreeves@example.net,2025-08-25 10:15:47,REGULAR
421,Susan Powers,megan82@example.com,2024-10-10 14:54:57,REGULAR
422,David Stokes,staceylam@example.net,2024-10-04 13:32:48,VIP
423,Patrick Parker,nathan94@example.com,2026-04-13 08:46:21,PREMIUM
424,Sean Silva,kennedyjames@example.org,2026-04-25 05:51:45,PREMIUM
425,Edwin Brown,derrickgonzalez@example.com,2026-07-21 13:24:18,REGULAR
426,Victoria Thomas,kimberlyfreeman@example.net,2026-07-21 03:45:15,REGULAR
427,Anthony Hayes,kathleenjackson@example.org,2025-07-23 13:24:32,PREMIUM
428,Anita Mendez,epowell@example.com,2024-08-03 19:52:24,REGULAR
429,Monica Dodson,katherine83@example.org,2025-12-07 02:18:35,REGULAR
430,Danielle Steele,larry16@example.net,2025-10-03 20:17:31,REGULAR
431,rodney evans,stephen89@example.net,2025-04-03 20:47:02,REGULAR
432,Whitney Cooper,mhoward@example.org,2026-06-23 00:44:02,PREMIUM
433,Jennifer Perez,jasonjohnson@example.net,2024-12-01 16:37:55,REGULAR
434,Matthew Johnson,kelsey90@example.net,2026-07-27 00:30:44,REGULAR
435,Martha Smith,butleromar@example.net,2025-01-31 18:56:56,PREMIUM
436,Christine Jennings,turnerdorothy@example.net,2025-08-14 23:27:09,REGULAR
437,Mercedes Barnes,huntchristine@example.com,2024-10-22 14:12:19,REGULAR
438,Craig Gonzalez,marie35@example.net,2025-05-26 07:56:37,REGULAR
439,Joshua Lozano,arivera@example.org,2025-12-03 08:45:31,VIP
440,Sara Caldwell,stacychan@example.org,2026-01-10 05:55:58,REGULAR
441,David Hall,joseph01@example.org,2026-04-30 02:09:35,VIP
442,Heather Rhodes,grodgers@example.org,2024-08-07 11:28:00,PREMIUM
443,Matthew Murphy,rfriedman@example.net,2024-10-07 05:28:31,REGULAR
444,Catherine Morales,ynelson@example.net,2026-04-12 23:16:40,REGULAR
445,Mariah Robles,andersonjessica@example.org,2024-10-15 01:53:15,REGULAR
446,Karen Carroll,ywhite@example.com,2025-10-20 09:29:53,REGULAR
447,Sheryl Acosta,timothyfreeman@example.com,2025-06-17 21:28:48,PREMIUM
448,MATTHEW SMITH,tiffanysantiago@example.com,2025-08-14 02:16:34,VIP
449,Lisa Reynolds,timothyalvarado@example.net,2025-05-08 04:21:48,VIP
450,Kristin Huerta,smithsarah@example.net,2026-04-11 15:18:33,REGULAR
451,Sheila Jones,vflores@example.com,2024-09-06 03:38:40,VIP
452,Mason Powell,christianwallace@example.net,2025-06-23 07:13:23,REGULAR
453,Jillian Wilson,bmcgee@example.org,2025-05-21 17:21:22,REGULAR
454,Joshua Petersen,pamela83@example.net,2025-12-03 05:58:45,PREMIUM
455,HEIDI BROWN,meganrivera@example.net,2025-10-12 01:47:06,REGULAR
456,Heidi Chavez,malonejeffrey@example.com,2025-04-16 11:43:51,VIP
457,Rebecca Kelley,jacqueline02@example.com,2024-11-10 21:02:43,REGULAR
458,Mikayla Rodriguez,jacobconrad@example.com,2025-01-04 16:33:57,REGULAR
459,Cheryl Morgan,owilliams@example.net,2025-10-03 22:45:02,PREMIUM
460,Joanna Barrett,tamarasmith@example.net,2024-09-04 20:29:48,PREMIUM
461,Sara Webb,heatherthompson@example.org,2024-10-14 23:06:04,REGULAR
462,Lisa Morris,mbarnes@example.net,2026-02-07 13:25:04,REGULAR
463,Victor Waller,iballard@example.com,2025-10-13 22:50:13,REGULAR
464,Kayla Cameron,jennifer83@.com,2024-12-31 09:40:39,REGULAR
465,Melissa Morse,tinasantos@example.org,2025-08-03 00:03:10,REGULAR
466,Erica Wilson,anna99@example.net,2025-12-31 10:37:55,REGULAR
467,Stephanie Ferguson,hstokes@example.org,2024-08-18 20:34:51,REGULAR
468,Michael Gonzalez,tonyavega@example.org,2026-04-04 17:37:20,REGULAR
469,Elizabeth Molina,howardshaun@example.net,2026-04-25 15:16:29,REGULAR
470,Sharon Newton,yyoung@example.net,2025-02-26 05:58:04,PREMIUM
471,Tammy Hughes,tammy00@example.net,2025-01-30 18:29:17,PREMIUM
472,Priscilla Berg,rhondabush@example.net,2025-04-25 16:21:48,REGULAR
473,Nancy Gonzalez,kellythompson@example.net,2024-09-23 17:53:44,REGULAR
474,Nancy Wilson,pattersonangela@example.org,2024-11-25 19:35:36,REGULAR
475,Abigail Owens,billmcfarland@example.net,2024-09-06 12:28:51,REGULAR
476,Lisa Stanley,jtyler@example.com,2024-09-22 14:05:25,REGULAR
477,Kelly Krueger,hartmanerik@example.net,2025-08-27 04:17:45,PREMIUM
478,Daniel Lewis,mark43@example.net,2025-08-22 09:50:54,REGULAR
479,Samantha Zavala MD,sean99@example.org,2026-06-30 22:02:00,REGULAR
480,Erica Moon,cruzamber@example.com,2024-08-18 10:39:51,PREMIUM
481,Patricia Robertson,stucker@example.net,2024-12-18 20:32:34,REGULAR
482,Tiffany Jackson,simsjason@example.net,2026-02-15 17:38:07,VIP
483,Jessica Garcia,elucas@example.net,2025-12-13 21:02:57,REGULAR
484,Mitchell Johnson,brownlaura@example.net,2024-09-20 19:23:40,REGULAR
485,Susan Russell,bmccoy@example.com,2024-08-12 17:50:50,REGULAR
486,kimberly may,avilabrenda@example.net,2026-04-11 04:54:13,REGULAR
487,Jonathan Roberts,catherine47@example.com,2025-05-15 15:34:53,REGULAR
488,Kara Ferguson,julierobles@example.net,2025-03-03 14:28:11,PREMIUM
489,Elizabeth Eaton,susan08@example.net,2024-11-11 13:14:02,REGULAR
490,Kenneth Long,torreskaitlin@example.net,2025-04-08 06:07:04,REGULAR
491,Matthew Hunt,jackjensen@example.com,2024-12-20 04:17:54,REGULAR
492,Robert Phelps,enewman@example.com,2025-12-03 09:40:16,REGULAR
493,Craig Carpenter,michael31@example.com,2025-10-26 08:18:47,PREMIUM
494,Emily Hayes,heather29@example.net,2025-04-23 07:30:16,REGULAR
495,Jeffrey Smith,kristenjoseph@example.net,2025-06-14 13:34:44,REGULAR
496,Brandy Quinn,wford@example.com,2025-07-21 15:47:22,PREMIUM
497,Matthew Miller,michele28@example.org,2025-02-08 10:42:51,REGULAR
498,Angela Jones,atkinsoncrystal@example.net,2025-09-26 17:14:43,PREMIUM
499,Christy Johnson,amy87@example.net,2026-02-16 21:54:34,REGULAR
500,Daniel Barton,dennis88@example.org,2025-05-16 20:51:08,REGULAR
362,Lindsey Lewis,eddie35@example.com,2025-08-09 23:32:01,REGULAR
74,Timothy Ramirez,dsanchez@example.net,,REGULAR
375,Sarah Thompson,linda59@example.org,2025-12-26 13:50:37,REGULAR
156,Angela Bean,kmarshall@example.net,2025-06-23 21:20:45,REGULAR
105,Andrew Shaw MD,sawyerscott@example.net,2026-05-26 13:42:15,REGULAR
