item_id,order_id,product_id,quantity,unit_price,discount_percent
1,819,36,4.0,485.1,1.16
2,257,99,2.0,73.56,25.43
3,10,46,9.0,627.72,8.29
4,66,34,5.0,336.95,5.23
5,239,5,9.0,19.55,21.52
6,266,3,6.0,232.58,3.27
7,80,42,7.0,198.91,0.74
8,999,84,5.0,411.55,27.91
9,624,41,9.0,719.35,11.37
10,154,84,2.0,488.24,29.93
11,552,68,10.0,400.17,8.08
12,250,99,4.0,58.78,7.23
13,371,72,6.0,323.35,12.57
14,129,32,7.0,481.48,23.88
15,419,19,4.0,347.01,3.62
16,953,13,1.0,324.14,2.19
17,398,46,9.0,525.28,24.74
18,111,6,6.0,474.48,22.22
19,717,24,10.0,326.14,26.87
20,665,42,9.0,231.04,6.97
21,531,75,7.0,606.73,28.61
22,904,27,5.0,485.81,8.54
23,450,22,5.0,473.29,19.99
24,859,22,1.0,457.12,0.2
25,209,74,8.0,507.57,3.29
26,456,64,3.0,358.32,10.61
27,745,21,5.0,678.83,2.22
28,40,91,6.0,178.99,18.78
29,252,49,4.0,316.93,24.42
30,204,12,-4.0,492.72,6.26
31,270,81,6.0,449.03,9.0
32,497,81,6.0,454.98,28.89
33,430,42,7.0,201.26,3.41
34,793,63,-4.0,194.0,25.53
35,331,41,8.0,546.76,14.57
36,47,53,3.0,398.51,29.05
37,2037,93,7.0,632.2,23.01
38,532,69,3.0,395.58,8.71
39,424,94,0.0,88.85,3.08
40,161,4,0.0,404.53,11.34
41,898,11,9.0,165.12,0.44
42,156,76,4.0,159.55,12.75
43,470,34,10.0,321.74,29.01
44,930,65,1.0,99.64,22.88
45,592,51,8.0,84.02,9.97
46,98,27,8.0,537.59,25.14
47,779,99,7.0,59.5,9.64
48,6,27,8.0,580.02,9.66
49,880,94,2.0,69.27,0.41
50,203,15,7.0,466.97,4.2
51,10,56,5.0,289.31,19.51
52,210,92,10.0,178.16,27.81
53,139,92,1.0,155.65,-6.67
54,339,80,3.0,721.32,114.93
55,314,99,5.0,60.56,17.78
56,183,14,9.0,506.16,23.16
57,827,79,8.0,538.02,6.49
58,147,1,1.0,359.54,14.15
59,247,49,8.0,335.01,2.35
60,171,36,7.0,516.93,20.56
61,357,47,6.0,113.23,29.94
62,184,2,6.0,565.43,2.82
63,2063,35,5.0,454.04,21.13
64,586,92,10.0,155.8,26.25
65,40,79,3.0,649.73,2.48
66,455,8,9.0,79.43,22.12
67,922,91,10.0,137.91,19.93
68,63,98,5.0,444.99,5.96
69,765,1,9.0,375.71,20.89
70,120,24,3.0,318.81,-7.88
71,698,25,3.0,335.4,8.37
72,856,26,5.0,338.42,10.65
73,536,81,0.0,480.54,16.14
74,356,88,4.0,13.64,22.29
75,216,60,2.0,387.26,14.02
76,675,5,2.0,19.32,12.64
77,103,46,8.0,542.67,18.5
78,749,32,6.0,452.15,1.2
79,958,65,7.0,84.82,0.86
80,908,90,4.0,523.42,19.9
81,93,99,6.0,56.43,4.42
82,83,27,4.0,601.09,0.15
83,564,90,8.0,626.07,22.89
84,782,52,5.0,440.58,11.82
85,759,4,10.0,353.36,-8.62
86,142,6,7.0,411.19,4.52
87,2087,54,7.0,592.92,2.48
88,884,2,3.0,592.09,14.58
89,790,55,2.0,227.99,11.18
90,548,15,7.0,488.38,4.51
91,605,66,8.0,220.98,26.04
92,614,33,5.0,194.37,8.8
93,305,77,1.0,130.35,16.05
94,506,36,8.0,522.28,25.05
95,2095,42,3.0,233.63,3.03
96,346,96,-7.0,108.75,19.59
97,444,25,5.0,391.35,20.83
98,221,56,3.0,310.91,27.29
99,417,54,5.0,687.16,9.54
100,333,79,10.0,610.72,9.86
101,13,41,8.0,633.38,15.97
102,2102,74,8.0,493.0,29.55
103,323,60,10.0,398.03,12.46
104,291,63,7.0,219.65,25.49
105,114,23,7.0,341.02,27.01
106,646,88,6.0,12.29,12.12
107,947,23,1.0,369.32,5.17
108,669,54,1.0,621.51,29.97
109,2109,79,10.0,667.93,0.68
110,399,25,3.0,330.13,14.17
111,136,4,8.0,362.59,7.26
112,657,78,3.0,552.36,22.46
113,533,50,7.0,430.02,21.47
114,2114,62,1.0,152.28,23.06
115,524,57,2.0,249.92,17.39
116,376,44,4.0,74.95,19.26
117,504,97,5.0,443.47,7.74
118,144,37,6.0,173.03,21.48
119,731,38,3.0,493.34,19.1
120,311,2,9.0,583.06,18.55
121,160,65,6.0,91.48,26.12
122,2122,9,5.0,383.74,21.86
123,511,82,9.0,241.4,0.99
124,520,71,9.0,134.88,17.0
125,758,84,4.0,410.9,18.27
126,195,9,3.0,340.21,17.57
127,550,7,2.0,222.73,5.92
128,499,2,2.0,626.81,17.67
129,1,53,8.0,450.47,8.51
130,545,36,9.0,544.43,28.37
131,998,64,2.0,355.58,25.86
132,843,100,4.0,323.83,15.91
133,625,87,3.0,370.28,4.74
134,529,84,7.0,542.35,14.16
135,149,94,6.0,75.68,12.51
136,992,83,8.0,607.81,6.26
137,2137,55,6.0,252.72,18.53
138,77,42,10.0,183.36,19.78
139,499,78,1.0,592.75,11.08
140,138,10,7.0,484.69,17.22
141,336,98,9.0,407.68,23.16
142,729,47,8.0,105.07,6.83
143,995,33,1.0,204.68,24.18
144,62,66,10.0,257.76,23.95
145,589,9,10.0,327.04,4.75
146,588,79,4.0,573.94,8.31
147,757,43,10.0,402.34,24.61
148,589,80,-1.0,575.83,25.67
149,546,86,10.0,406.35,17.31
150,316,4,1.0,420.61,9.82
151,214,21,5.0,698.72,0.82
152,127,49,4.0,343.99,6.17
153,96,65,9.0,77.27,14.67
154,325,27,9.0,487.95,-4.74
155,969,9,5.0,388.52,24.31
156,988,83,1.0,583.22,3.84
157,2157,77,5.0,129.56,5.17
158,760,86,2.0,346.44,12.11
159,637,4,0.0,415.95,1.39
160,538,1260,4.0,565.85,14.27
161,550,78,1.0,715.54,3.85
162,629,13,10.0,320.02,28.27
163,98,37,2.0,197.0,9.03
164,605,74,5.0,528.75,19.84
165,36,50,4.0,442.75,25.06
166,12,62,4.0,141.83,13.56
167,559,96,9.0,131.74,7.66
168,563,13,6.0,392.48,12.8
169,97,59,2.0,145.48,9.21
170,85,65,9.0,80.0,0.5
171,616,73,0.0,362.63,20.81
172,163,22,10.0,446.45,16.22
173,208,52,,446.61,4.08
174,570,27,10.0,597.6,4.21
175,996,32,3.0,422.34,25.03
176,283,52,10.0,443.19,20.17
177,121,68,10.0,382.33,3.75
178,73,97,6.0,386.74,25.14
179,437,91,8.0,142.34,29.93
180,372,86,7.0,423.97,8.41
181,258,43,5.0,333.22,24.18
182,606,35,8.0,378.9,15.57
183,617,83,10.0,525.86,17.4
184,835,96,8.0,118.37,28.21
185,797,4,-3.0,323.44,27.62
186,870,46,6.0,515.04,23.51
187,651,21,9.0,694.95,23.43
188,92,79,4.0,661.13,2.71
189,655,49,8.0,398.24,22.64
190,115,40,9.0,229.72,18.55
191,729,85,5.0,601.37,3.99
192,754,38,2.0,562.9,7.38
193,27,89,4.0,224.96,4.36
194,879,57,9.0,209.18,15.56
195,924,96,6.0,112.85,27.0
196,366,89,4.0,179.8,27.52
197,549,78,6.0,647.22,29.55
198,55,57,7.0,197.5,13.45
199,489,19,6.0,416.55,28.42
200,503,98,7.0,483.66,20.24
201,897,53,9.0,503.34,29.13
202,602,10,9.0,427.33,29.39
203,856,84,2.0,464.41,21.03
204,391,18,3.0,560.1,26.37
205,412,45,2.0,309.3,0.61
206,61,13,-9.0,339.62,24.0
207,72,25,8.0,341.83,26.16
208,588,57,3.0,227.63,18.66
209,813,40,2.0,256.45,27.01
210,628,59,9.0,148.32,20.06
211,145,63,0.0,244.2,14.41
212,773,13,2.0,364.19,17.25
213,560,37,8.0,191.13,12.13
214,504,72,7.0,355.88,23.13
215,43,12,10.0,435.46,9.41
216,990,25,9.0,400.19,22.16
217,380,6,2.0,417.04,9.61
218,585,2,7.0,678.85,0.14
219,852,23,4.0,321.14,4.25
220,904,88,5.0,14.41,8.18
221,424,25,8.0,380.18,1.25
222,707,82,3.0,227.43,9.82
223,698,89,9.0,190.22,22.83
224,207,72,4.0,325.37,3.28
225,189,89,4.0,220.34,13.26
226,516,25,0.0,320.56,25.78
227,474,83,7.0,495.08,5.52
228,2228,57,4.0,207.4,16.41
229,67,1329,,186.95,27.05
230,60,99,4.0,67.6,0.59
231,586,37,7.0,194.33,18.38
232,466,20,6.0,290.94,28.89
233,165,3,5.0,269.67,16.24
234,861,27,7.0,545.97,28.57
235,682,93,4.0,508.32,26.21
236,922,98,6.0,425.26,3.26
237,853,80,4.0,577.07,11.53
238,2238,27,3.0,564.9,4.68
239,203,41,3.0,655.1,22.9
240,37,9,1.0,352.08,2.7
241,762,28,2.0,486.47,24.85
242,297,72,3.0,369.98,12.29
243,717,89,4.0,182.96,13.35
244,391,62,1.0,132.67,13.23
245,21,86,6.0,330.59,4.05
246,154,86,6.0,414.76,10.64
247,637,54,6.0,558.86,15.61
248,928,84,5.0,454.68,8.19
249,676,71,-10.0,146.74,5.99
250,712,90,6.0,640.18,12.22
251,737,25,5.0,377.89,24.16
252,918,17,2.0,20.49,17.16
253,2253,2,6.0,536.95,18.78
254,895,86,2.0,430.17,27.8
255,2255,88,1.0,13.95,5.78
256,508,24,10.0,337.77,0.19
257,148,74,2.0,489.58,9.64
258,651,38,9.0,,10.34
259,700,97,1.0,482.62,18.6
260,783,1360,2.0,568.7,20.94
261,583,41,8.0,631.45,16.38
262,2262,46,8.0,628.81,12.1
263,157,97,1.0,433.92,26.11
264,445,85,3.0,551.19,11.74
265,23,21,9.0,665.89,14.97
266,500,8,2.0,75.27,8.68
267,823,1367,5.0,215.34,18.55
268,543,93,3.0,485.62,13.41
269,335,41,8.0,648.63,9.93
270,330,74,4.0,593.98,7.47
271,321,13,3.0,360.15,18.08
272,273,50,,461.47,14.21
273,636,19,6.0,455.88,6.0
274,946,16,1.0,477.97,8.47
275,839,39,3.0,423.8,12.64
276,152,49,10.0,402.73,13.68
277,292,17,1.0,24.04,11.06
278,2278,56,7.0,325.36,19.31
279,41,8,3.0,67.42,3.07
280,95,46,7.0,536.12,1.86
281,712,12,8.0,539.04,6.82
282,25,90,0.0,670.23,28.63
283,397,86,9.0,401.04,20.91
284,2284,30,1.0,363.75,15.27
285,156,81,5.0,480.96,25.04
286,201,34,5.0,420.73,20.16
287,2287,14,4.0,574.7,24.99
288,838,60,4.0,360.5,15.33
289,186,27,7.0,535.47,22.62
290,612,86,4.0,322.54,0.94
291,281,39,10.0,389.34,19.37
292,382,54,5.0,562.88,7.88
293,820,16,1.0,393.89,3.38
294,908,72,1.0,351.9,4.6
295,2295,56,7.0,338.04,19.7
296,727,62,-5.0,,7.04
297,895,56,8.0,323.69,8.6
298,841,21,6.0,609.13,19.18
299,382,45,3.0,306.53,16.27
300,617,18,6.0,532.88,20.41
301,941,81,6.0,445.86,23.96
302,211,51,7.0,81.57,15.59
303,564,22,6.0,461.95,11.2
304,840,74,7.0,496.04,19.32
305,772,1,9.0,415.08,20.85
306,311,70,-4.0,286.49,5.57
307,260,16,6.0,450.86,10.3
308,635,62,0.0,118.57,9.59
309,882,97,2.0,503.09,28.47
310,2310,63,2.0,185.36,21.73
311,466,44,0.0,92.85,25.64
312,11,76,1.0,146.79,13.9
313,948,93,10.0,504.75,13.55
314,616,15,2.0,392.97,23.27
315,792,39,6.0,404.99,21.41
316,119,18,10.0,504.93,20.97
317,711,70,0.0,344.46,2.01
318,681,52,4.0,398.45,4.86
319,457,70,5.0,339.89,17.46
320,208,18,-7.0,573.2,3.38
321,10,18,4.0,476.09,14.24
322,398,81,2.0,499.57,25.84
323,75,32,7.0,426.93,7.87
324,892,51,6.0,89.57,22.46
325,810,53,3.0,452.4,2.25
326,576,100,1.0,339.07,24.2
327,549,40,8.0,284.12,20.65
328,620,74,6.0,515.48,15.51
329,275,37,4.0,207.03,16.98
330,846,87,5.0,372.38,18.39
331,705,88,9.0,13.27,15.6
332,299,27,6.0,553.58,7.37
333,582,44,10.0,82.3,16.52
334,832,64,9.0,414.69,5.98
335,502,61,6.0,505.63,24.04
336,285,69,,337.07,26.74
337,640,37,4.0,198.23,27.84
338,24,41,3.0,575.71,18.49
339,759,35,2.0,360.13,13.79
340,226,1,5.0,407.57,13.38
341,419,57,7.0,197.56,22.95
342,448,68,1.0,449.98,18.2
343,616,88,7.0,13.04,7.46
344,615,4,10.0,363.57,24.0
345,2345,56,7.0,276.05,11.0
346,173,75,10.0,482.01,11.44
347,725,12,9.0,548.47,13.59
348,286,24,5.0,416.83,18.63
349,893,95,9.0,442.42,0.52
350,79,13,3.0,367.09,11.07
351,192,2,3.0,511.91,15.14
352,50,17,10.0,22.05,7.37
353,255,78,2.0,594.94,15.87
354,564,52,8.0,430.78,18.17
355,770,53,8.0,393.37,29.84
356,926,49,1.0,302.14,13.07
357,886,98,5.0,536.92,27.11
358,730,27,7.0,493.67,19.2
359,359,50,7.0,467.14,16.55
360,868,46,5.0,636.79,4.38
361,26,81,1.0,515.36,10.41
362,821,16,8.0,460.12,16.44
363,992,49,8.0,316.11,22.86
364,283,6,1.0,465.84,12.53
365,561,1465,2.0,39.45,23.61
366,170,64,8.0,434.75,11.16
367,591,95,6.0,543.61,17.69
368,797,29,7.0,399.57,14.97
369,975,33,3.0,191.26,28.69
370,101,65,7.0,76.21,4.87
371,68,8,7.0,64.87,28.13
372,901,51,7.0,74.12,24.14
373,608,11,2.0,171.64,14.78
374,828,20,1.0,254.2,25.31
375,717,74,3.0,464.89,17.49
376,842,22,8.0,433.48,15.78
377,67,34,9.0,389.19,0.96
378,712,58,9.0,399.87,12.54
379,868,42,8.0,185.56,17.63
380,460,93,6.0,598.78,13.06
381,966,94,4.0,74.98,11.72
382,862,33,8.0,227.64,25.88
383,764,55,10.0,257.83,4.93
384,897,19,3.0,465.15,27.22
385,2385,47,10.0,110.6,24.73
386,341,95,5.0,567.61,18.37
387,973,6,10.0,492.01,1.34
388,643,9,7.0,383.76,6.93
389,461,84,4.0,463.12,0.13
390,842,1490,1.0,487.62,24.43
391,514,94,5.0,78.17,17.41
392,799,31,7.0,68.52,6.01
393,663,62,3.0,124.43,8.77
394,437,21,5.0,654.35,2.06
395,874,31,5.0,66.57,3.64
396,477,62,5.0,121.15,5.29
397,257,80,2.0,613.87,15.66
398,947,45,7.0,336.08,23.28
399,636,100,2.0,378.09,28.01
400,469,83,0.0,584.34,0.51
401,347,1,8.0,378.71,16.84
402,507,71,6.0,169.98,19.14
403,436,14,5.0,566.26,24.47
404,871,10,6.0,442.6,0.68
405,729,18,10.0,463.89,29.24
406,127,28,2.0,524.12,16.51
407,832,74,9.0,508.0,26.86
408,941,12,5.0,423.69,103.08
409,110,76,4.0,153.39,17.07
410,18,94,3.0,82.64,7.16
411,897,94,4.0,76.56,18.4
412,300,52,7.0,416.22,25.68
413,664,1,7.0,389.65,17.3
414,991,17,4.0,25.34,20.52
415,983,1,2.0,323.49,6.19
416,805,48,7.0,249.74,19.89
417,399,86,4.0,373.81,7.56
418,801,8,9.0,84.71,4.22
419,15,98,10.0,437.46,6.03
420,987,21,8.0,592.01,14.58
421,522,19,6.0,379.16,19.75
422,21,14,5.0,609.28,27.94
423,947,24,-9.0,354.17,20.69
424,2,24,5.0,396.6,8.16
425,863,73,2.0,401.3,9.74
426,778,43,7.0,330.31,16.95
427,45,53,2.0,459.57,21.55
428,380,1528,10.0,672.82,26.69
429,946,16,5.0,455.11,22.83
430,555,97,1.0,518.56,23.87
431,516,74,7.0,583.98,16.69
432,643,86,3.0,327.81,5.38
433,303,85,10.0,709.57,6.12
434,307,56,2.0,289.91,5.14
435,864,14,3.0,469.72,6.88
436,533,87,10.0,473.27,26.59
437,546,28,7.0,466.28,9.47
438,818,3,5.0,286.55,26.24
439,923,95,2.0,515.46,21.37
440,185,30,4.0,336.23,26.53
441,348,12,6.0,416.2,14.72
442,809,82,3.0,269.11,16.4
443,169,44,1.0,90.58,25.89
444,169,82,2.0,275.66,13.17
445,59,96,1.0,110.78,20.17
446,297,34,9.0,376.44,14.3
447,79,98,10.0,473.43,15.21
448,2448,34,7.0,352.12,15.48
449,577,53,5.0,434.63,1.47
450,591,6,1.0,415.13,12.31
451,633,3,9.0,235.16,1.41
452,855,72,1.0,375.22,19.31
453,902,67,4.0,603.5,4.65
454,634,93,10.0,527.81,8.93
455,775,48,9.0,306.35,7.56
456,400,81,6.0,465.97,26.2
457,739,44,3.0,96.38,0.7
458,422,38,9.0,554.38,21.92
459,513,36,3.0,410.67,20.65
460,59,38,4.0,488.75,24.86
461,726,94,3.0,83.33,13.64
462,127,78,4.0,577.46,6.5
463,2463,53,2.0,468.39,15.15
464,399,65,9.0,74.26,27.35
465,2465,14,7.0,550.04,27.73
466,484,64,5.0,463.81,27.24
467,697,48,6.0,252.72,2.13
468,791,14,4.0,508.26,0.79
469,200,93,4.0,487.42,13.54
470,95,5,5.0,25.85,1.29
471,812,64,7.0,349.56,20.81
472,800,6,1.0,440.76,26.54
473,28,88,6.0,15.3,23.03
474,54,66,7.0,284.95,12.73
475,637,68,5.0,375.22,-9.97
476,244,86,9.0,349.92,11.23
477,684,89,10.0,236.43,17.43
478,588,3,8.0,227.2,22.69
479,641,80,7.0,710.79,19.25
480,693,59,9.0,125.12,11.52
481,339,38,9.0,557.57,25.71
482,111,100,4.0,392.29,12.13
483,418,3,8.0,249.92,12.53
484,179,40,4.0,268.34,18.07
485,973,85,1.0,693.25,26.92
486,121,89,7.0,227.33,4.42
487,693,85,9.0,611.66,2.18
488,494,13,3.0,340.45,10.11
489,864,35,3.0,371.01,15.27
490,31,22,-4.0,420.4,18.01
491,57,98,4.0,524.24,10.05
492,50,49,10.0,369.19,2.19
493,418,81,10.0,517.52,1.51
494,2494,64,10.0,433.05,13.47
495,884,17,-6.0,25.45,14.76
496,394,21,10.0,550.02,28.1
497,994,26,2.0,364.82,21.45
498,985,60,2.0,449.8,27.23
499,2499,15,7.0,487.65,3.97
500,354,25,2.0,337.61,17.78
501,593,19,5.0,356.92,8.26
502,210,14,9.0,528.02,23.73
503,192,21,8.0,709.63,3.07
504,998,74,8.0,531.4,22.74
505,843,15,3.0,450.4,10.15
506,2506,90,7.0,519.7,14.35
507,509,52,3.0,487.76,11.28
508,176,81,3.0,555.29,10.98
509,459,88,10.0,14.05,28.11
510,336,59,1.0,137.8,7.06
511,803,3,3.0,240.07,1.02
512,679,56,10.0,344.68,19.45
513,867,66,2.0,253.61,16.37
514,2514,84,6.0,485.08,13.43
515,996,4,8.0,421.62,1.9
516,507,64,3.0,398.32,14.92
517,133,74,1.0,572.01,0.02
518,812,7,1.0,275.57,11.7
519,468,4,3.0,400.6,10.28
520,957,59,4.0,134.97,5.57
521,700,74,7.0,615.19,16.39
522,106,22,6.0,447.26,27.96
523,399,74,10.0,515.63,18.24
524,882,65,7.0,91.42,15.57
525,573,79,8.0,543.41,0.23
526,899,66,2.0,255.94,14.53
527,722,31,1.0,65.39,2.65
528,848,14,3.0,586.25,14.28
529,244,58,-1.0,415.36,4.49
530,291,12,6.0,488.47,29.93
531,575,94,-8.0,71.87,15.43
532,412,18,9.0,514.89,1.75
533,519,97,8.0,400.21,21.18
534,915,70,10.0,360.9,23.63
535,515,79,2.0,556.14,4.08
536,44,40,4.0,221.47,7.09
537,847,42,2.0,211.86,15.65
538,756,13,5.0,348.16,17.59
539,512,89,4.0,223.53,21.58
540,2540,47,3.0,126.57,2.09
541,725,14,4.0,551.58,26.36
542,640,49,2.0,353.86,6.12
543,546,61,2.0,476.27,10.5
544,997,81,3.0,565.81,9.76
545,795,95,9.0,425.01,26.07
546,661,9,4.0,397.42,27.77
547,980,4,3.0,415.5,6.42
548,104,42,10.0,216.62,4.32
549,373,32,9.0,438.8,12.54
550,755,64,7.0,415.14,7.83
551,794,92,3.0,173.9,-9.15
552,253,77,9.0,132.09,21.24
553,975,67,-3.0,744.34,4.04
554,744,71,1.0,158.83,18.2
555,532,73,4.0,400.01,20.02
556,548,8,1.0,71.2,27.68
557,876,42,2.0,242.91,26.16
558,2558,20,3.0,278.9,10.45
559,490,95,1.0,417.7,12.47
560,608,78,3.0,682.02,3.47
561,947,59,3.0,140.37,2.68
562,133,6,1.0,478.81,27.77
563,203,96,1.0,113.22,132.88
564,107,37,2.0,194.34,18.76
565,9,42,3.0,181.47,24.7
566,991,49,2.0,300.52,27.92
567,354,89,1.0,202.36,4.26
568,563,47,3.0,126.29,26.64
569,494,55,10.0,231.16,1.81
570,737,11,-10.0,150.05,8.44
571,351,21,1.0,602.14,7.49
572,930,64,8.0,382.29,1.95
573,357,55,,205.66,24.3
574,61,66,-4.0,280.6,16.62
575,782,63,0.0,186.3,21.8
576,2576,93,6.0,508.47,1.27
577,474,43,1.0,434.76,28.62
578,411,91,1.0,163.73,15.84
579,440,64,2.0,468.73,24.11
580,161,57,7.0,206.53,10.6
581,142,1681,1.0,263.52,9.32
582,774,15,10.0,522.49,1.12
583,242,71,10.0,162.52,-15.26
584,2584,79,1.0,645.97,24.65
585,621,64,2.0,429.41,24.41
586,300,49,3.0,305.75,14.4
587,179,56,9.0,308.89,27.36
588,16,34,7.0,327.01,6.43
589,926,22,7.0,439.91,0.82
590,98,70,2.0,349.34,17.15
591,799,19,2.0,436.78,16.13
592,951,4,2.0,413.74,9.12
593,463,46,4.0,554.21,140.78
594,429,61,3.0,460.74,17.87
595,87,66,10.0,270.92,16.79
596,771,86,8.0,327.57,10.64
597,810,75,6.0,571.19,7.44
598,828,72,7.0,324.49,23.94
599,408,82,10.0,235.16,18.29
600,272,55,8.0,227.54,4.59
601,164,46,4.0,560.3,3.75
602,809,35,9.0,338.32,13.08
603,155,97,10.0,467.42,1.9
604,850,97,4.0,464.16,24.45
605,732,30,7.0,373.7,1.31
606,97,100,1.0,390.92,22.51
607,632,41,4.0,689.67,12.49
608,759,96,9.0,118.93,22.59
609,980,1,8.0,342.12,13.29
610,108,42,7.0,216.15,18.49
611,255,75,10.0,563.39,17.02
612,336,34,1.0,392.96,20.39
613,490,32,7.0,410.86,14.23
614,233,69,9.0,349.56,12.32
615,528,42,1.0,181.97,19.68
616,306,75,1.0,540.61,25.96
617,571,56,1.0,269.87,24.61
618,886,97,9.0,489.49,9.26
619,801,78,3.0,589.24,12.13
620,649,54,5.0,568.78,18.25
621,712,55,3.0,208.81,22.86
622,490,61,3.0,510.31,3.11
623,103,65,5.0,84.48,1.8
624,16,76,7.0,149.35,5.88
625,904,57,1.0,205.53,21.55
626,654,10,2.0,475.83,6.86
627,234,90,7.0,581.69,10.51
628,272,23,2.0,342.72,9.73
629,973,5,7.0,21.26,14.02
630,866,15,4.0,455.97,23.09
631,504,80,2.0,624.99,6.19
632,695,63,4.0,204.76,5.09
633,2633,70,2.0,299.05,1.25
634,34,30,9.0,337.95,6.88
635,2635,90,2.0,569.94,14.23
636,863,23,5.0,346.06,12.82
637,548,89,10.0,223.24,3.21
638,933,86,10.0,435.13,15.37
639,396,73,10.0,400.7,22.93
640,323,90,8.0,621.51,7.61
641,883,77,7.0,128.43,6.11
642,461,31,2.0,70.62,16.49
643,161,73,3.0,308.6,17.34
644,2644,1744,4.0,12.42,15.66
645,47,66,10.0,281.35,14.43
646,86,25,2.0,329.68,16.59
647,657,76,1.0,159.47,22.99
648,323,76,0.0,159.02,0.51
649,2649,36,10.0,450.1,27.09
650,919,55,-2.0,261.18,8.97
651,861,29,1.0,349.51,18.42
652,791,6,1.0,413.26,12.59
653,387,73,7.0,389.69,15.84
654,533,73,9.0,356.66,18.43
655,606,47,2.0,94.88,17.84
656,136,90,6.0,592.7,16.77
657,310,71,10.0,135.69,13.83
658,981,63,2.0,199.35,18.06
659,690,83,5.0,554.76,4.13
660,618,43,2.0,424.44,27.4
661,273,14,6.0,588.86,1.36
662,3,19,6.0,417.15,28.14
663,225,44,1.0,75.97,25.43
664,167,79,-5.0,590.04,28.36
665,706,58,3.0,414.11,16.27
666,7,8,,65.53,3.49
667,475,14,2.0,574.74,1.31
668,883,7,3.0,221.74,12.91
669,980,90,2.0,554.71,21.34
670,662,73,7.0,398.54,12.36
671,980,15,2.0,465.56,4.24
672,831,28,0.0,423.76,23.24
673,702,60,4.0,417.66,13.14
674,248,20,1.0,275.45,1.17
675,562,92,5.0,159.36,29.03
676,944,81,5.0,428.7,10.02
677,284,51,10.0,91.9,4.78
678,10,70,6.0,344.24,21.92
679,911,11,8.0,148.39,115.45
680,56,23,1.0,421.64,9.45
681,964,23,2.0,419.54,23.55
682,986,21,1.0,588.08,21.58
683,990,88,5.0,12.77,13.14
684,103,91,3.0,183.64,21.25
685,29,86,0.0,356.27,20.33
686,2686,89,-2.0,232.93,26.35
687,716,37,9.0,160.98,6.64
688,632,70,4.0,308.38,1.37
689,418,73,1.0,350.39,27.42
690,560,57,1.0,266.89,15.03
691,912,85,5.0,723.96,25.86
692,470,21,1.0,709.85,2.19
693,262,51,2.0,82.52,18.83
694,798,29,2.0,341.1,1.2
695,2695,1795,9.0,255.71,0.42
696,394,29,10.0,420.36,28.73
697,773,73,9.0,398.04,2.63
698,434,51,4.0,72.54,0.25
699,363,10,8.0,417.39,27.22
700,863,92,1.0,179.19,2.97
701,176,68,9.0,345.4,10.98
702,115,28,6.0,487.21,9.39
703,482,89,9.0,221.1,23.19
704,784,78,2.0,723.32,15.26
705,823,43,5.0,437.74,4.14
706,2,71,5.0,172.5,6.86
707,259,36,5.0,536.73,25.81
708,998,47,4.0,119.25,22.04
709,52,92,4.0,154.13,10.78
710,106,92,3.0,,12.21
711,59,77,8.0,162.78,2.88
712,73,84,10.0,524.69,29.35
713,886,21,9.0,551.3,7.44
714,283,50,3.0,386.29,3.56
715,376,48,7.0,265.05,22.59
716,718,20,9.0,234.9,17.44
717,308,57,7.0,239.0,5.66
718,9,78,8.0,614.16,13.02
719,992,28,3.0,538.63,16.64
720,104,66,1.0,295.95,28.51
721,953,82,5.0,264.23,17.13
722,574,31,5.0,61.07,10.97
723,231,26,1.0,336.78,25.03
724,2724,93,8.0,593.81,20.25
725,412,93,5.0,632.89,10.07
726,448,61,5.0,543.55,15.08
727,214,17,6.0,25.1,0.24
728,634,40,6.0,226.95,23.6
729,310,24,-4.0,348.28,7.19
730,122,50,5.0,394.37,16.33
731,162,15,6.0,507.61,13.58
732,469,88,1.0,11.87,28.2
733,146,11,9.0,172.51,9.55
734,674,23,9.0,413.0,19.51
735,510,21,1.0,613.24,22.26
736,474,74,6.0,458.97,8.36
737,948,90,3.0,509.54,27.83
738,675,5,3.0,24.37,1.97
739,868,16,10.0,463.62,3.7
740,542,89,3.0,186.21,18.67
741,795,93,3.0,558.39,7.38
742,631,85,4.0,667.13,24.44
743,916,78,5.0,674.53,26.83
744,231,55,9.0,224.2,27.22
745,524,78,2.0,701.22,6.0
746,128,13,9.0,380.91,18.96
747,880,81,5.0,483.12,6.01
748,149,28,3.0,505.24,0.51
749,260,45,10.0,353.42,18.94
750,363,49,10.0,340.98,1.48
751,651,62,4.0,139.89,8.15
752,108,1,6.0,345.9,3.66
753,910,29,3.0,433.38,19.92
754,485,50,5.0,401.39,17.06
755,676,12,5.0,546.43,10.27
756,956,74,10.0,533.56,14.9
757,2757,1857,3.0,96.84,18.68
758,747,20,4.0,265.78,28.4
759,663,5,9.0,22.25,26.8
760,789,57,1.0,237.01,15.91
761,431,82,10.0,237.15,3.46
762,337,4,10.0,326.38,1.37
763,2763,45,,320.28,23.99
764,144,72,5.0,321.97,12.03
765,946,12,4.0,512.52,1.01
766,417,41,8.0,611.38,8.17
767,476,15,10.0,491.41,6.68
768,608,2,6.0,593.56,20.23
769,81,79,9.0,599.02,10.06
770,424,32,6.0,529.77,8.76
771,805,40,7.0,234.96,18.22
772,265,58,10.0,338.08,15.77
773,575,29,6.0,425.83,21.71
774,838,99,10.0,61.52,-3.01
775,178,62,8.0,139.33,5.78
776,380,75,0.0,527.93,17.0
777,66,79,1.0,629.22,10.67
778,752,43,6.0,343.64,17.47
779,2779,56,2.0,342.4,7.83
780,266,51,2.0,81.74,1.44
781,196,21,0.0,607.01,8.78
782,2782,30,10.0,343.03,19.74
783,2783,84,3.0,515.9,28.78
784,92,63,5.0,244.93,9.06
785,234,47,3.0,126.39,12.66
786,345,97,3.0,518.8,18.71
787,138,74,4.0,462.06,5.92
788,752,86,8.0,373.82,12.81
789,356,41,1.0,577.16,2.35
790,753,99,8.0,61.96,27.54
791,554,9,10.0,419.01,0.49
792,168,17,6.0,25.28,27.49
793,474,14,8.0,504.67,7.81
794,616,24,1.0,342.66,26.17
795,481,44,2.0,73.45,28.67
796,404,37,9.0,169.68,7.47
797,964,24,2.0,377.59,28.98
798,705,96,2.0,129.28,8.74
799,231,46,10.0,498.29,9.55
800,506,23,8.0,344.7,16.73
801,878,19,3.0,446.81,17.73
802,197,95,9.0,460.91,9.06
803,313,67,10.0,604.13,0.62
804,629,99,6.0,62.83,23.64
805,719,51,4.0,86.45,12.42
806,510,22,6.0,364.59,11.98
807,620,84,3.0,415.48,27.72
808,2808,76,10.0,145.03,21.61
809,847,38,0.0,485.63,7.78
810,565,25,2.0,397.72,1.31
811,230,21,2.0,733.91,5.19
812,524,15,9.0,451.65,14.99
813,107,15,5.0,436.27,9.17
814,2814,50,9.0,443.23,14.41
815,795,50,5.0,400.39,22.36
816,223,24,3.0,333.16,2.25
817,2817,21,9.0,601.33,14.57
818,792,15,10.0,450.09,18.28
819,708,84,4.0,413.37,26.26
820,705,1920,1.0,123.89,10.1
821,2821,81,3.0,559.22,134.77
822,631,100,10.0,346.39,12.97
823,956,30,9.0,362.79,18.28
824,983,62,2.0,154.88,28.9
825,787,51,4.0,87.34,0.02
826,518,26,10.0,428.51,21.93
827,473,94,9.0,84.61,124.63
828,45,81,10.0,564.62,15.68
829,254,80,10.0,637.4,15.1
830,430,69,9.0,370.45,136.86
831,713,52,3.0,496.77,4.15
832,520,21,4.0,670.14,0.27
833,140,78,5.0,659.61,12.69
834,783,80,1.0,664.13,9.21
835,361,74,5.0,592.21,24.06
836,474,59,6.0,131.96,16.0
837,599,34,1.0,383.64,24.19
838,176,5,3.0,22.06,16.59
839,558,69,6.0,313.76,26.32
840,682,43,9.0,407.52,7.86
841,567,1941,8.0,512.96,6.39
842,779,14,10.0,601.63,28.51
843,268,25,9.0,336.19,13.46
844,936,3,9.0,264.38,1.05
845,438,89,4.0,233.69,7.56
846,403,86,7.0,418.5,11.23
847,146,17,6.0,23.5,9.46
848,962,16,6.0,457.59,8.85
849,315,50,5.0,437.87,18.02
850,844,69,1.0,329.35,9.99
851,719,77,4.0,164.72,27.92
852,484,100,8.0,318.62,19.28
853,570,87,6.0,387.2,20.44
854,321,15,6.0,456.14,1.64
855,2855,40,5.0,252.77,22.94
856,145,68,5.0,402.7,10.69
857,585,34,10.0,366.48,16.03
858,223,9,4.0,382.86,5.47
859,519,23,9.0,371.14,122.3
860,321,57,7.0,261.93,21.87
861,525,66,2.0,232.71,8.38
862,491,49,10.0,307.52,9.31
863,602,33,7.0,180.55,17.63
864,38,69,6.0,374.3,7.02
865,168,11,7.0,158.45,19.52
866,527,39,10.0,398.08,16.83
867,912,82,6.0,253.4,3.33
868,74,75,9.0,622.03,25.16
869,554,78,8.0,720.11,22.52
870,269,13,4.0,323.36,29.85
871,187,82,9.0,279.03,3.42
872,504,11,6.0,144.63,23.85
873,864,81,2.0,478.2,4.43
874,600,48,6.0,228.74,21.66
875,857,25,-7.0,317.16,7.23
876,982,17,8.0,22.31,3.64
877,61,42,2.0,183.15,9.83
878,732,52,6.0,455.34,6.17
879,451,89,,196.01,23.95
880,330,97,7.0,421.51,19.97
881,396,31,10.0,75.43,3.04
882,696,85,9.0,568.02,0.85
883,785,1983,4.0,332.05,7.65
884,423,14,8.0,598.42,10.04
885,307,34,6.0,386.95,16.41
886,9,63,7.0,237.0,7.9
887,119,75,6.0,575.26,17.25
888,267,85,1.0,636.78,25.75
889,784,41,6.0,698.14,23.01
890,140,16,-4.0,478.94,28.8
891,776,35,1.0,404.94,22.8
892,211,57,6.0,212.59,12.14
893,850,30,-10.0,369.8,10.47
894,430,24,7.0,335.7,1.19
895,175,30,0.0,320.53,4.02
896,21,89,10.0,209.39,4.79
897,861,10,8.0,537.65,27.71
898,975,76,9.0,168.49,25.97
899,182,64,3.0,447.81,20.82
900,103,80,4.0,565.65,11.44
901,560,89,1.0,175.92,17.84
902,915,93,10.0,568.59,0.94
903,2903,13,3.0,412.9,0.78
904,92,100,8.0,311.61,24.39
905,484,84,3.0,526.27,9.49
906,762,15,2.0,533.74,2.05
907,314,7,3.0,239.21,23.6
908,148,2008,6.0,551.51,2.47
909,681,75,8.0,506.92,18.51
910,657,41,3.0,626.88,24.55
911,994,35,6.0,379.68,3.94
912,328,69,2.0,414.18,29.8
913,822,53,9.0,519.77,20.23
914,61,65,5.0,94.2,13.15
915,579,5,10.0,22.32,1.31
916,783,99,4.0,69.23,25.01
917,286,66,8.0,230.31,6.72
918,281,19,1.0,370.07,21.81
919,2919,2019,4.0,12.16,16.46
920,762,52,10.0,453.29,17.15
921,125,52,1.0,394.47,17.03
922,241,64,8.0,410.25,23.2
923,2923,2,6.0,683.77,28.28
924,492,50,-1.0,469.77,17.68
925,445,13,4.0,316.27,26.47
926,569,89,9.0,224.54,-7.92
927,209,31,-7.0,76.81,18.22
928,721,52,3.0,458.06,8.01
929,143,70,9.0,296.61,13.4
930,2,51,9.0,80.41,20.66
931,809,82,7.0,230.45,-14.4
932,574,71,2.0,177.29,18.85
933,355,37,7.0,181.97,5.19
934,25,17,9.0,20.67,26.37
935,926,95,7.0,421.41,27.13
936,12,55,6.0,259.4,27.4
937,2937,40,3.0,232.93,19.02
938,110,43,6.0,394.55,6.15
939,153,45,7.0,310.33,4.9
940,696,59,3.0,130.87,25.42
941,360,52,3.0,510.25,26.38
942,559,35,5.0,413.64,17.35
943,38,14,5.0,501.42,4.37
944,832,7,7.0,259.22,28.42
945,653,33,6.0,227.77,0.52
946,821,12,2.0,524.95,16.4
947,2947,86,5.0,415.03,15.01
948,742,67,7.0,630.97,-3.91
949,165,48,5.0,247.43,0.88
950,626,68,4.0,436.4,26.17
951,208,90,10.0,610.98,27.37
952,2952,2,8.0,646.69,14.89
953,781,54,2.0,670.23,4.67
954,733,97,9.0,420.54,29.35
955,889,2,2.0,549.36,15.9
956,945,68,8.0,362.12,14.04
957,480,54,1.0,650.88,14.1
958,208,98,7.0,422.21,5.94
959,459,72,1.0,279.48,21.68
960,477,65,3.0,81.92,23.95
961,988,16,1.0,460.47,11.47
962,408,3,8.0,248.34,20.7
963,937,90,3.0,519.06,12.2
964,2964,2,0.0,658.35,15.68
965,289,90,2.0,602.83,8.66
966,2966,39,7.0,445.04,9.49
967,378,49,6.0,408.44,20.95
968,237,79,4.0,496.75,0.51
969,934,34,3.0,377.44,12.73
970,253,42,2.0,239.75,27.23
971,240,98,9.0,427.23,25.62
972,832,21,-7.0,603.58,22.75
973,287,60,1.0,333.48,6.11
974,371,34,8.0,337.23,19.94
975,326,30,3.0,282.74,9.05
976,688,7,3.0,247.18,15.84
977,191,39,8.0,344.67,19.58
978,490,91,6.0,183.15,14.28
979,129,68,9.0,395.83,20.15
980,941,51,4.0,87.42,23.32
981,27,78,8.0,555.1,27.14
982,975,2,6.0,595.6,17.86
983,353,56,10.0,331.9,15.81
984,216,96,8.0,125.0,5.26
985,109,60,8.0,389.25,12.69
986,632,48,5.0,272.72,0.97
987,436,2,3.0,646.07,29.85
988,15,35,7.0,340.68,16.39
989,905,3,2.0,283.42,1.18
990,34,26,7.0,436.57,11.3
991,828,73,8.0,364.37,16.2
992,408,42,3.0,220.53,29.6
993,225,29,3.0,403.51,2.61
994,397,84,10.0,527.27,21.56
995,844,22,5.0,417.23,18.7
996,464,65,7.0,94.17,29.81
997,23,2097,2.0,494.1,1.39
998,381,39,4.0,411.09,27.42
999,161,25,-3.0,343.18,1.22
1000,825,8,4.0,82.73,20.49
1001,595,71,5.0,141.49,23.27
1002,871,21,-3.0,614.31,22.4
1003,126,35,2.0,387.2,10.0
1004,896,79,1.0,585.76,5.94
1005,381,9,7.0,344.85,2.79
1006,638,13,3.0,331.05,14.45
1007,967,36,3.0,535.75,7.56
1008,3008,80,8.0,546.85,17.79
1009,925,18,,502.85,6.91
1010,215,18,2.0,453.52,25.54
1011,654,60,3.0,433.46,4.6
1012,726,81,6.0,,5.41
1013,495,56,7.0,274.24,7.03
1014,572,13,10.0,357.52,16.29
1015,59,43,6.0,418.35,16.24
1016,448,62,-3.0,134.19,3.76
1017,313,100,6.0,351.84,5.06
1018,3018,14,6.0,556.35,5.04
1019,177,25,5.0,313.71,28.37
1020,281,73,-10.0,380.57,12.53
1021,41,2121,6.0,47.67,12.91
1022,292,3,10.0,220.87,6.59
1023,635,21,8.0,589.59,25.57
1024,22,19,1.0,358.97,20.55
1025,486,17,4.0,22.6,0.44
1026,205,12,7.0,509.93,6.17
1027,421,83,10.0,653.68,8.99
1028,399,37,4.0,192.95,11.65
1029,916,5,4.0,20.52,29.24
1030,829,42,2.0,245.79,25.08
1031,194,90,3.0,553.88,23.14
1032,225,55,4.0,214.11,17.11
1033,896,69,4.0,361.38,17.03
1034,203,94,2.0,66.29,10.17
1035,907,95,3.0,452.5,23.41
1036,34,29,2.0,374.55,25.39
1037,301,65,9.0,75.41,21.83
1038,864,45,5.0,272.22,26.31
1039,947,9,5.0,356.79,15.53
1040,62,61,3.0,573.19,9.24
1041,862,50,4.0,415.77,10.12
1042,455,55,4.0,241.83,19.98
1043,718,16,3.0,425.64,25.73
1044,795,3,8.0,239.94,15.07
1045,3045,61,10.0,579.06,20.89
1046,516,52,6.0,499.37,25.32
1047,143,89,5.0,222.02,22.95
1048,741,53,3.0,439.18,4.89
1049,3049,25,10.0,359.91,18.47
1050,550,63,3.0,237.74,6.12
1051,469,1,5.0,377.88,4.73
1052,549,86,2.0,360.84,20.61
1053,116,100,7.0,353.23,1.91
1054,3054,34,9.0,337.47,27.37
1055,806,7,2.0,248.74,15.06
1056,386,35,2.0,403.64,22.67
1057,389,33,10.0,,19.62
1058,3058,61,10.0,495.39,13.39
1059,645,67,2.0,655.67,18.02
1060,892,39,6.0,449.61,13.73
1061,990,73,8.0,349.34,0.07
1062,737,50,3.0,377.06,16.72
1063,246,59,3.0,137.42,26.47
1064,823,81,5.0,547.3,137.05
1065,953,39,6.0,416.51,28.16
1066,373,24,5.0,410.45,21.13
1067,780,17,5.0,26.17,26.74
1068,228,55,2.0,252.17,23.37
1069,249,90,9.0,656.52,17.1
1070,379,92,3.0,144.07,1.15
1071,795,68,10.0,383.79,24.5
1072,683,18,5.0,475.42,28.84
1073,394,10,10.0,528.62,11.31
1074,971,20,10.0,250.57,9.62
1075,996,66,8.0,290.41,13.01
1076,538,67,5.0,569.07,6.0
1077,783,20,-7.0,235.4,8.92
1078,478,19,2.0,426.88,6.8
1079,959,28,1.0,473.67,4.57
1080,3080,79,6.0,525.02,23.58
1081,3081,80,3.0,612.82,6.96
1082,437,14,5.0,472.46,28.13
1083,559,5,6.0,19.29,14.22
1084,3,53,9.0,450.06,22.73
1085,987,1,5.0,329.87,6.77
1086,677,52,1.0,470.81,2.2
1087,232,97,3.0,427.28,18.66
1088,73,67,4.0,696.28,24.31
1089,867,71,5.0,168.23,16.04
1090,323,1,8.0,397.1,2.14
1091,941,100,2.0,359.41,25.92
1092,361,33,2.0,177.25,10.39
1093,828,58,10.0,376.05,3.51
1094,841,7,10.0,217.16,9.34
1095,283,98,9.0,483.84,20.43
1096,165,95,4.0,499.43,11.98
1097,711,85,-9.0,563.32,20.93
1098,290,91,4.0,158.03,6.0
1099,480,3,9.0,279.78,14.62
1100,572,6,1.0,470.08,18.45
1101,710,37,2.0,207.21,24.32
1102,551,44,6.0,77.3,3.58
1103,303,88,3.0,13.84,114.36
1104,744,8,3.0,66.02,22.52
1105,843,44,10.0,85.18,11.62
1106,185,90,7.0,674.98,4.14
1107,3107,48,9.0,301.89,15.51
1108,54,6,4.0,392.12,21.93
1109,649,2,10.0,616.46,17.77
1110,759,4,-3.0,330.17,6.0
1111,583,77,2.0,165.73,1.25
1112,45,60,8.0,361.15,8.2
1113,45,96,10.0,111.37,15.41
1114,575,71,6.0,145.81,25.17
1115,416,22,6.0,417.97,9.45
1116,993,14,3.0,525.46,8.89
1117,432,2217,4.0,619.72,10.95
1118,3118,57,2.0,218.44,1.62
1119,383,33,4.0,205.65,7.96
1120,750,28,6.0,469.55,1.63
1121,956,98,9.0,468.41,22.31
1122,595,43,2.0,359.06,18.22
1123,472,1,0.0,338.88,22.38
1124,749,34,1.0,332.22,0.77
1125,223,19,10.0,430.71,6.31
1126,3126,72,6.0,317.87,24.12
1127,881,24,8.0,423.88,4.78
1128,668,18,-3.0,557.1,0.0
1129,780,67,3.0,681.9,18.14
1130,10,62,6.0,128.68,10.26
1131,949,56,10.0,343.79,-4.19
1132,159,98,3.0,473.22,6.55
1133,744,5,7.0,19.46,103.57
1134,344,22,5.0,447.97,1.13
1135,746,64,7.0,407.06,12.84
1136,3136,56,1.0,292.39,24.15
1137,868,52,5.0,420.89,13.43
1138,601,67,10.0,646.82,17.23
1139,613,33,9.0,217.11,9.45
1140,612,85,7.0,574.76,3.95
1141,915,17,9.0,23.91,19.53
1142,338,72,4.0,285.37,20.55
1143,942,18,10.0,494.8,14.93
1144,653,51,9.0,80.81,15.04
1145,210,83,8.0,655.0,8.7
1146,715,94,5.0,73.57,22.43
1147,891,51,6.0,83.54,17.02
1148,695,1,8.0,324.89,25.18
1149,428,52,2.0,425.88,13.49
1150,339,67,6.0,727.62,10.56
1151,482,2251,7.0,248.16,12.45
1152,700,10,6.0,424.51,7.7
1153,525,61,1.0,479.69,15.88
1154,18,30,8.0,320.78,28.75
1155,638,35,4.0,354.36,23.92
1156,627,29,10.0,345.66,8.07
1157,444,78,8.0,714.06,26.33
1158,157,15,7.0,434.77,27.43
1159,789,89,9.0,194.03,19.21
1160,3160,44,0.0,83.77,5.06
1161,667,6,2.0,522.78,4.2
1162,3162,25,0.0,385.87,19.95
1163,472,47,2.0,124.85,22.13
1164,739,1,3.0,384.0,26.21
1165,284,54,4.0,512.92,19.28
1166,638,22,,366.92,29.47
1167,864,85,2.0,635.44,26.81
1168,513,100,7.0,349.47,12.43
1169,956,20,8.0,269.44,13.51
1170,156,30,10.0,355.23,29.35
1171,819,81,1.0,545.55,29.53
1172,73,57,6.0,201.43,24.56
1173,3173,58,8.0,315.75,14.82
1174,379,78,7.0,579.84,7.91
1175,3175,20,8.0,279.46,20.44
1176,806,4,6.0,403.88,2.99
1177,553,50,2.0,465.48,19.47
1178,398,77,0.0,132.32,23.38
1179,567,30,9.0,341.68,18.22
1180,731,54,8.0,602.81,21.89
1181,347,2281,8.0,523.83,25.2
1182,103,44,6.0,81.8,19.31
1183,692,29,5.0,457.57,16.12
1184,66,62,2.0,158.91,23.8
1185,549,15,7.0,477.97,22.31
1186,894,58,3.0,398.71,18.83
1187,270,61,-5.0,484.59,23.16
1188,306,9,3.0,400.85,15.18
1189,597,47,3.0,99.12,13.18
1190,573,27,3.0,564.19,27.65
1191,842,23,7.0,323.92,10.41
1192,598,50,8.0,463.69,25.4
1193,745,96,6.0,132.79,14.61
1194,625,9,-6.0,333.12,15.41
1195,74,37,2.0,203.1,20.03
1196,723,72,8.0,352.36,3.85
1197,549,86,4.0,325.87,4.55
1198,993,4,10.0,325.46,26.72
1199,127,49,7.0,315.63,9.4
1200,179,5,3.0,20.8,18.41
1201,214,55,7.0,197.06,14.23
1202,154,36,2.0,425.67,7.36
1203,312,47,5.0,121.92,3.3
1204,132,9,6.0,416.31,19.01
1205,655,88,5.0,11.55,6.49
1206,834,1,6.0,422.2,24.95
1207,296,33,7.0,235.82,-11.09
1208,948,49,2.0,363.77,5.94
1209,714,59,8.0,112.97,-19.73
1210,667,13,1.0,361.38,1.79
1211,989,40,2.0,235.39,12.99
1212,107,2,9.0,516.46,20.14
1213,309,98,1.0,527.7,4.28
1214,203,93,5.0,476.84,1.0
1215,982,43,6.0,359.55,24.93
1216,99,20,7.0,236.15,9.59
1217,98,52,4.0,401.18,4.07
1218,328,76,0.0,153.69,2.87
1219,48,15,5.0,474.28,5.77
1220,530,15,3.0,440.01,25.8
1221,222,65,5.0,74.16,7.91
1222,275,7,10.0,275.16,19.1
1223,841,85,6.0,577.78,12.14
1224,182,52,6.0,449.37,26.92
1225,253,66,7.0,255.27,29.78
1226,596,21,8.0,728.77,11.81
1227,347,75,7.0,608.22,16.54
1228,297,91,7.0,152.06,10.16
1229,885,54,9.0,546.37,19.78
1230,768,86,7.0,385.65,8.88
1231,631,98,2.0,437.5,28.39
1232,801,26,-2.0,423.43,14.22
1233,171,2333,2.0,442.91,28.77
1234,918,94,4.0,89.78,11.95
1235,802,51,5.0,92.65,18.99
1236,353,27,4.0,596.39,17.55
1237,3237,51,5.0,92.7,3.3
1238,393,73,10.0,305.98,20.46
1239,226,5,7.0,24.68,0.83
1240,582,94,2.0,89.61,6.46
1241,494,27,5.0,476.63,16.9
1242,746,10,8.0,543.34,27.26
1243,999,84,2.0,450.86,26.97
1244,155,54,2.0,513.26,28.94
1245,253,16,4.0,496.25,9.07
1246,62,26,1.0,407.34,14.57
1247,211,49,6.0,377.06,2.59
1248,139,13,5.0,416.31,9.1
1249,166,67,2.0,718.0,13.78
1250,931,90,10.0,651.96,11.06
1251,193,31,0.0,63.46,29.12
1252,802,37,3.0,158.38,21.3
1253,340,77,3.0,133.83,10.33
1254,776,95,-2.0,459.86,21.62
1255,598,91,9.0,158.45,18.14
1256,613,8,2.0,81.19,12.98
1257,412,47,5.0,100.39,19.14
1258,414,84,-6.0,406.15,0.68
1259,670,15,1.0,484.61,28.83
1260,807,57,2.0,241.39,24.38
1261,689,98,3.0,464.43,5.77
1262,892,21,3.0,655.82,8.52
1263,888,25,10.0,303.84,2.77
1264,464,15,2.0,441.65,0.89
1265,199,100,3.0,352.52,115.17
1266,570,77,9.0,146.62,25.54
1267,637,92,4.0,175.04,3.79
1268,98,34,9.0,394.14,18.86
1269,657,72,-4.0,312.78,29.44
1270,26,30,10.0,285.19,24.72
1271,456,31,7.0,74.12,16.58
1272,804,74,1.0,554.4,22.1
1273,441,7,6.0,279.14,12.87
1274,398,59,8.0,146.3,2.49
1275,96,54,2.0,517.98,10.73
1276,200,52,3.0,422.7,9.04
1277,932,2,3.0,554.37,6.38
1278,281,91,2.0,184.22,11.95
1279,323,75,7.0,615.68,0.45
1280,63,98,3.0,492.69,10.77
1281,330,18,0.0,579.69,18.15
1282,707,12,2.0,499.05,24.88
1283,476,99,2.0,60.02,12.18
1284,3284,29,6.0,352.03,6.92
1285,545,2385,0.0,75.59,3.19
1286,383,63,2.0,222.2,5.51
1287,102,24,7.0,397.06,1.92
1288,615,94,10.0,66.22,23.82
1289,223,30,7.0,367.19,16.03
1290,297,37,-8.0,190.48,28.35
1291,717,11,8.0,165.78,1.75
1292,918,9,10.0,394.22,9.63
1293,76,80,3.0,623.54,18.78
1294,396,62,4.0,125.69,14.59
1295,74,49,9.0,340.55,6.62
1296,867,40,-1.0,251.35,10.1
1297,551,90,4.0,524.09,13.12
1298,872,79,8.0,542.71,14.73
1299,509,73,6.0,318.53,2.83
1300,32,46,7.0,543.71,23.79
1301,66,63,5.0,242.88,27.29
1302,689,97,8.0,442.21,8.81
1303,834,37,-2.0,163.49,0.17
1304,582,50,6.0,447.66,25.99
1305,897,64,4.0,420.5,17.53
1306,276,10,2.0,494.4,27.03
1307,300,60,1.0,389.36,17.02
1308,120,38,1.0,535.13,15.89
1309,697,19,4.0,364.64,1.68
1310,325,51,-8.0,83.71,20.13
1311,828,2411,2.0,633.3,0.81
1312,910,67,5.0,704.58,26.09
1313,218,58,-7.0,327.15,29.32
1314,742,11,-7.0,178.78,18.2
1315,938,4,6.0,393.42,1.56
1316,637,12,4.0,554.0,26.24
1317,299,61,9.0,551.29,16.23
1318,752,82,1.0,217.96,1.84
1319,395,44,4.0,89.09,3.09
1320,318,46,0.0,485.51,12.1
1321,459,58,1.0,312.66,26.66
1322,415,68,4.0,356.57,10.97
1323,819,55,10.0,223.36,10.69
1324,680,53,1.0,429.51,29.37
1325,366,9,7.0,376.52,7.41
1326,593,99,3.0,69.93,2.83
1327,344,9,9.0,,14.55
1328,3328,66,3.0,255.76,11.53
1329,228,9,1.0,373.37,28.3
1330,5,60,1.0,386.86,26.58
1331,784,72,3.0,325.39,27.6
1332,900,38,3.0,512.19,-8.55
1333,50,92,3.0,156.54,26.65
1334,675,89,8.0,232.31,21.35
1335,594,61,6.0,572.35,12.08
1336,622,88,4.0,11.43,18.45
1337,844,18,7.0,571.94,18.72
1338,858,10,4.0,465.65,10.86
1339,432,15,10.0,439.04,22.36
1340,726,20,1.0,258.99,17.15
1341,480,77,9.0,136.74,15.23
1342,916,24,10.0,410.66,11.53
1343,947,82,5.0,225.29,26.3
1344,507,85,6.0,592.95,16.16
1345,924,93,3.0,480.66,26.42
1346,560,7,7.0,262.49,16.78
1347,147,15,4.0,491.42,5.94
1348,866,28,4.0,409.82,21.67
1349,610,9,9.0,421.66,25.61
1350,540,30,5.0,369.92,22.68
1351,758,34,8.0,398.39,11.82
1352,525,11,3.0,146.93,25.59
1353,799,90,8.0,663.23,6.61
1354,3354,45,4.0,260.6,18.39
1355,459,38,2.0,550.44,4.2
1356,418,46,2.0,549.46,26.0
1357,891,85,4.0,638.36,27.18
1358,747,100,3.0,352.53,5.52
1359,851,2,4.0,683.52,29.69
1360,939,87,9.0,385.45,17.51
1361,109,44,8.0,98.04,25.08
1362,859,72,-9.0,285.29,21.32
1363,452,100,8.0,297.45,24.69
1364,361,45,9.0,270.59,29.31
1365,894,100,10.0,364.33,5.43
1366,911,82,1.0,273.22,143.98
1367,66,51,1.0,86.78,0.69
1368,153,21,4.0,569.13,16.82
1369,14,64,1.0,441.95,27.14
1370,266,74,4.0,564.26,29.82
1371,906,12,5.0,552.8,11.02
1372,508,93,8.0,527.19,28.19
1373,68,84,9.0,466.66,27.82
1374,894,26,9.0,439.31,10.6
1375,164,64,7.0,373.8,0.88
1376,374,1,10.0,411.45,12.26
1377,673,33,7.0,232.98,0.95
1378,313,8,1.0,73.5,4.96
1379,202,98,4.0,470.19,27.44
1380,996,35,6.0,333.92,16.87
1381,344,45,1.0,319.9,9.0
1382,983,40,4.0,252.17,7.94
1383,239,97,6.0,481.51,3.02
1384,3384,22,3.0,373.4,13.02
1385,826,15,9.0,419.6,21.45
1386,978,81,1.0,517.34,17.54
1387,682,39,6.0,429.38,20.96
1388,486,14,4.0,467.59,25.3
1389,851,55,3.0,203.14,22.6
1390,122,84,-3.0,413.7,17.13
1391,3391,31,10.0,72.68,28.23
1392,338,76,3.0,143.03,6.83
1393,976,36,9.0,407.31,15.06
1394,299,8,10.0,72.7,25.77
1395,740,32,8.0,448.92,5.54
1396,340,4,5.0,408.82,6.09
1397,630,11,3.0,168.68,20.35
1398,151,15,8.0,503.71,10.19
1399,878,15,3.0,399.8,15.1
1400,161,71,10.0,153.46,20.38
1401,3401,18,8.0,492.83,25.51
1402,83,26,5.0,445.07,0.18
1403,827,72,0.0,373.0,19.14
1404,324,58,1.0,339.02,18.14
1405,418,59,5.0,139.47,7.2
1406,46,32,3.0,519.62,9.41
1407,62,40,1.0,258.68,10.85
1408,564,88,7.0,14.0,6.67
1409,579,88,8.0,13.84,13.98
1410,664,62,-1.0,128.18,21.52
1411,3411,15,5.0,396.09,19.63
1412,107,2512,6.0,90.34,22.6
1413,312,47,8.0,105.66,24.68
1414,511,57,2.0,231.58,22.5
1415,363,18,7.0,480.96,0.76
1416,101,68,5.0,436.34,6.52
1417,979,49,5.0,342.03,14.83
1418,304,15,8.0,434.68,18.79
1419,524,77,9.0,163.67,7.86
1420,321,73,9.0,327.02,16.54
1421,29,29,10.0,426.56,20.7
1422,999,19,10.0,405.61,1.73
1423,3423,34,3.0,362.33,3.85
1424,532,12,8.0,550.56,19.56
1425,694,79,9.0,582.27,8.55
1426,59,18,2.0,511.82,10.07
1427,98,69,1.0,385.77,20.54
1428,417,13,4.0,356.82,28.65
1429,183,97,7.0,411.26,27.42
1430,860,68,10.0,351.58,15.91
1431,117,83,8.0,545.12,23.86
1432,228,89,2.0,203.4,25.83
1433,773,40,1.0,262.95,22.49
1434,516,89,4.0,208.32,24.93
1435,751,81,6.0,437.65,24.26
1436,758,72,2.0,369.27,24.94
1437,920,14,3.0,458.04,20.89
1438,268,13,9.0,340.48,6.53
1439,917,61,9.0,602.58,1.38
1440,314,75,3.0,481.28,29.56
1441,720,62,4.0,156.69,12.56
1442,212,80,7.0,572.97,14.36
1443,12,24,3.0,425.26,2.82
1444,860,8,4.0,71.45,27.05
1445,665,38,5.0,567.13,4.66
1446,710,97,10.0,478.27,28.14
1447,437,44,-5.0,79.89,9.27
1448,635,25,6.0,336.84,9.74
1449,58,23,2.0,324.11,19.29
1450,274,74,0.0,498.72,11.47
1451,960,77,3.0,146.48,2.8
1452,641,97,1.0,489.62,9.17
1453,153,49,3.0,345.19,6.05
1454,620,31,8.0,72.53,11.44
1455,39,100,5.0,349.35,11.51
1456,338,58,6.0,405.18,4.89
1457,926,80,10.0,641.17,140.53
1458,215,13,8.0,,24.08
1459,818,36,9.0,441.82,8.54
1460,683,56,10.0,297.22,12.26
1461,876,56,2.0,339.04,2.42
1462,537,92,,172.99,12.56
1463,556,55,2.0,214.49,26.6
1464,711,48,7.0,299.92,29.77
1465,18,53,10.0,430.95,1.37
1466,271,72,8.0,294.93,9.93
1467,35,43,4.0,438.15,12.83
1468,851,10,4.0,434.57,22.46
1469,688,42,-4.0,181.77,2.38
1470,592,43,10.0,355.75,27.62
1471,890,63,9.0,238.26,11.62
1472,199,28,5.0,460.13,23.43
1473,251,69,3.0,391.22,2.66
1474,49,29,8.0,393.71,26.58
1475,140,51,6.0,90.43,16.63
1476,508,64,6.0,425.02,28.23
1477,142,25,8.0,399.69,28.87
1478,477,61,5.0,587.74,12.64
1479,456,39,6.0,424.77,6.24
1480,34,6,5.0,438.24,10.71
1481,298,44,6.0,78.87,28.61
1482,134,56,1.0,298.1,25.66
1483,62,40,6.0,262.84,22.96
1484,409,11,2.0,154.67,28.85
1485,437,94,8.0,81.69,19.44
1486,288,94,7.0,86.29,16.43
1487,759,18,6.0,448.24,19.26
1488,719,2588,3.0,128.32,-14.71
1489,433,20,1.0,237.22,11.66
1490,462,28,2.0,474.34,5.03
1491,848,25,5.0,402.78,26.21
1492,802,83,6.0,615.44,20.99
1493,948,64,,458.6,2.29
1494,383,54,9.0,682.54,28.07
1495,172,63,6.0,220.48,24.27
1496,694,10,9.0,516.3,25.19
1497,472,80,9.0,662.61,9.33
1498,561,98,1.0,414.03,7.75
1499,721,23,3.0,358.51,13.9
1500,868,76,2.0,131.11,27.14
1501,303,12,2.0,463.63,25.47
1502,40,40,8.0,271.64,26.81
1503,418,71,6.0,172.54,12.96
1504,908,72,3.0,319.07,18.42
1505,157,40,10.0,217.56,29.15
1506,657,79,1.0,649.52,21.8
1507,257,95,9.0,557.21,4.56
1508,365,52,7.0,434.6,4.38
1509,509,91,-1.0,144.15,23.99
1510,649,17,9.0,21.49,4.37
1511,475,35,10.0,430.93,16.7
1512,359,43,1.0,424.78,24.09
1513,936,67,0.0,584.64,28.06
1514,802,39,5.0,429.87,18.21
1515,24,11,10.0,193.68,7.79
1516,338,46,3.0,558.29,27.8
1517,356,79,4.0,669.22,12.5
1518,864,12,4.0,451.27,24.92
1519,925,97,1.0,426.69,22.8
1520,534,98,4.0,488.24,9.24
1521,266,73,6.0,364.98,17.66
1522,419,82,10.0,264.19,143.36
1523,542,53,6.0,465.76,5.0
1524,548,21,3.0,696.3,3.32
1525,3525,66,7.0,292.45,12.67
1526,3526,52,9.0,483.53,17.24
1527,151,46,2.0,526.6,23.62
1528,946,80,9.0,563.22,20.57
1529,540,21,6.0,674.83,23.7
1530,343,79,6.0,611.9,9.32
1531,543,31,1.0,77.06,10.53
1532,856,25,2.0,356.2,19.18
1533,130,98,4.0,429.09,11.45
1534,533,56,1.0,335.89,29.12
1535,202,2635,6.0,269.2,23.84
1536,765,45,5.0,282.96,4.63
1537,448,35,7.0,349.83,18.87
1538,714,39,2.0,432.12,24.63
1539,642,20,6.0,236.99,26.44
1540,908,84,4.0,504.17,13.62
1541,92,50,5.0,411.75,19.24
1542,3,79,1.0,511.02,23.44
1543,103,9,6.0,391.62,8.32
1544,800,27,7.0,499.17,22.78
1545,660,74,8.0,588.44,17.47
1546,334,79,4.0,673.73,12.96
1547,345,73,3.0,332.44,18.37
1548,970,31,2.0,66.83,3.75
1549,127,83,8.0,592.01,7.88
1550,676,69,3.0,423.43,10.1
1551,277,94,5.0,87.29,11.22
1552,156,19,6.0,442.33,22.5
1553,498,39,6.0,394.43,1.33
1554,792,81,4.0,535.09,19.66
1555,2,60,7.0,383.58,21.49
1556,686,93,4.0,535.03,9.58
1557,730,37,0.0,166.48,24.74
1558,357,4,1.0,316.23,11.5
1559,3559,70,10.0,305.72,2.94
1560,768,75,4.0,635.46,12.73
1561,203,63,6.0,225.94,17.83
1562,132,69,,353.1,3.19
1563,49,40,5.0,247.56,20.17
1564,791,53,2.0,517.35,5.88
1565,3565,7,4.0,250.52,10.94
1566,26,44,7.0,93.71,28.38
1567,145,98,7.0,523.64,20.17
1568,171,81,6.0,434.09,3.25
1569,582,19,10.0,440.2,9.55
1570,280,48,3.0,250.16,27.74
1571,792,86,6.0,375.3,-13.58
1572,222,93,5.0,629.71,25.86
1573,687,4,5.0,339.81,8.01
1574,190,70,-7.0,322.47,23.33
1575,3575,2675,7.0,282.12,16.3
1576,759,1,8.0,358.48,28.75
1577,559,67,1.0,627.92,17.23
1578,688,39,7.0,380.66,17.66
1579,736,97,1.0,491.37,17.07
1580,769,2,3.0,529.23,28.84
1581,566,48,2.0,238.77,11.74
1582,180,43,2.0,367.91,4.16
1583,412,18,7.0,449.59,21.24
1584,3584,78,6.0,700.79,5.76
1585,5,58,6.0,346.41,7.61
1586,723,4,2.0,399.1,4.52
1587,586,66,10.0,218.77,6.62
1588,465,64,8.0,386.94,15.01
1589,311,33,-7.0,202.42,16.23
1590,569,27,7.0,563.88,22.92
1591,684,2691,5.0,250.48,25.28
1592,466,86,2.0,350.23,6.83
1593,431,93,6.0,629.43,7.92
1594,1,36,1.0,545.3,21.76
1595,95,2695,6.0,100.27,17.83
1596,369,92,8.0,138.11,14.52
1597,315,47,6.0,111.59,23.71
1598,591,65,1.0,90.42,7.73
1599,358,2,7.0,541.7,25.97
1600,70,17,9.0,26.3,26.49
1601,384,97,10.0,401.06,6.68
1602,764,57,2.0,212.9,10.73
1603,177,5,3.0,20.61,28.25
1604,221,30,-7.0,346.39,0.83
1605,580,34,1.0,325.98,10.23
1606,798,40,9.0,281.25,0.99
1607,260,72,9.0,302.78,3.49
1608,819,2,6.0,534.53,24.06
1609,421,39,6.0,412.95,29.13
1610,984,51,0.0,91.65,5.06
1611,3611,12,6.0,547.06,28.54
1612,553,73,8.0,357.96,24.79
1613,162,73,7.0,355.4,20.0
1614,3614,25,9.0,304.19,9.73
1615,500,88,1.0,14.27,22.56
1616,370,35,5.0,413.17,20.89
1617,416,60,1.0,378.92,20.42
1618,846,93,8.0,525.2,16.29
1619,14,48,8.0,272.88,11.94
1620,51,34,10.0,366.15,8.04
1621,721,82,2.0,257.06,14.89
1622,686,80,2.0,714.38,4.64
1623,244,20,8.0,277.93,25.53
1624,518,14,6.0,464.61,25.27
1625,86,22,8.0,393.2,25.78
1626,937,72,4.0,291.14,18.04
1627,710,39,8.0,458.77,13.03
1628,904,39,5.0,450.76,18.68
1629,619,49,2.0,378.05,9.22
1630,3630,21,0.0,599.11,115.36
1631,3631,7,1.0,244.03,6.84
1632,172,89,3.0,183.41,0.99
1633,55,11,5.0,146.51,3.01
1634,112,15,3.0,522.14,7.76
1635,586,2,2.0,620.85,6.68
1636,755,40,10.0,278.06,22.85
1637,701,89,8.0,195.99,-16.79
1638,477,31,0.0,69.77,0.48
1639,57,59,5.0,130.05,25.26
1640,675,92,3.0,162.84,17.96
1641,753,47,5.0,100.8,28.68
1642,20,28,10.0,501.86,5.24
1643,343,32,9.0,397.42,14.44
1644,920,27,4.0,499.32,8.79
1645,649,48,8.0,255.66,9.73
1646,255,42,1.0,242.46,9.73
1647,602,35,1.0,411.85,20.61
1648,313,76,6.0,130.06,6.98
1649,498,10,4.0,527.66,27.1
1650,747,79,2.0,516.05,20.76
1651,509,51,4.0,84.19,29.42
1652,803,96,2.0,123.23,26.75
1653,3653,2753,7.0,198.4,1.64
1654,513,86,10.0,358.4,20.58
1655,935,6,0.0,514.57,22.96
1656,52,77,9.0,146.51,6.21
1657,401,50,9.0,426.22,21.23
1658,837,54,1.0,629.05,11.45
1659,550,49,0.0,317.44,14.65
1660,568,86,5.0,376.23,10.55
1661,229,92,9.0,162.09,28.57
1662,644,48,5.0,272.32,12.35
1663,493,5,7.0,22.41,2.05
1664,915,55,0.0,252.59,24.63
1665,949,65,8.0,74.47,0.97
1666,355,98,4.0,475.38,7.26
1667,508,62,3.0,129.3,14.41
1668,148,8,6.0,71.65,19.75
1669,33,96,10.0,107.01,25.4
1670,533,18,2.0,574.86,23.16
1671,688,4,5.0,347.1,28.11
1672,998,14,10.0,503.52,8.14
1673,635,25,9.0,319.74,4.66
1674,3674,17,3.0,20.3,11.47
1675,1000,24,6.0,411.56,3.07
1676,791,2,7.0,608.27,3.44
1677,500,38,8.0,520.52,23.99
1678,486,42,5.0,189.84,23.98
1679,258,51,2.0,79.54,9.01
1680,858,15,1.0,446.44,17.61
1681,125,32,-7.0,432.43,27.92
1682,582,16,10.0,469.19,25.41
1683,614,39,7.0,369.79,1.9
1684,288,97,2.0,499.52,19.0
1685,351,90,3.0,656.44,20.06
1686,515,1,5.0,413.59,13.6
1687,470,9,2.0,401.37,11.69
1688,783,42,8.0,210.18,8.03
1689,960,34,10.0,362.11,18.13
1690,726,96,10.0,122.25,28.9
1691,18,55,8.0,245.98,16.7
1692,407,88,-2.0,13.04,9.97
1693,330,5,-5.0,21.3,15.63
1694,575,82,9.0,253.28,14.02
1695,828,7,8.0,221.82,14.59
1696,670,74,10.0,623.47,1.11
1697,907,14,7.0,497.59,0.71
1698,301,46,10.0,507.5,19.97
1699,748,90,6.0,676.69,14.4
1700,745,32,1.0,478.63,5.4
1701,220,92,10.0,144.29,29.83
1702,311,89,5.0,183.32,27.55
1703,843,68,6.0,422.83,25.97
1704,465,34,4.0,325.29,22.95
1705,3705,1,9.0,337.31,9.58
1706,735,18,7.0,544.73,28.03
1707,310,76,10.0,137.48,29.32
1708,6,30,4.0,345.11,29.47
1709,408,75,6.0,623.16,1.64
1710,399,1,2.0,323.96,23.12
1711,435,10,8.0,435.72,23.14
1712,143,2812,9.0,389.71,25.61
1713,587,98,9.0,433.39,27.97
1714,269,64,8.0,467.75,25.68
1715,743,78,2.0,565.36,4.19
1716,539,51,2.0,83.69,29.24
1717,195,98,7.0,432.31,27.39
1718,868,2818,4.0,537.01,21.39
1719,352,69,7.0,333.64,26.64
1720,620,73,3.0,403.15,12.43
1721,533,32,7.0,457.01,3.39
1722,317,29,7.0,400.91,9.61
1723,342,45,1.0,325.81,5.01
1724,625,46,-3.0,630.39,28.61
1725,183,51,1.0,80.7,2.17
1726,328,80,8.0,636.36,27.51
1727,368,75,6.0,616.91,7.65
1728,76,87,7.0,376.19,15.83
1729,981,56,3.0,322.55,4.81
1730,3730,51,1.0,71.72,28.92
1731,573,60,3.0,386.84,21.48
1732,652,92,6.0,,5.52
1733,3733,38,8.0,501.62,21.49
1734,781,81,2.0,471.58,9.96
1735,980,11,2.0,183.54,21.3
1736,213,2,1.0,552.54,1.15
1737,3,25,3.0,325.51,13.71
1738,446,19,0.0,454.37,21.28
1739,922,79,9.0,497.86,-12.9
1740,399,51,-8.0,75.22,23.66
1741,338,13,5.0,,105.7
1742,670,53,7.0,410.33,9.9
1743,164,90,9.0,649.85,5.79
1744,312,35,5.0,447.1,22.38
1745,48,12,6.0,457.21,20.57
1746,722,69,1.0,345.22,17.63
1747,931,69,-9.0,367.41,25.1
1748,870,17,4.0,27.01,23.05
1749,901,42,6.0,209.52,17.99
1750,697,58,9.0,393.58,14.03
1751,257,88,-7.0,15.05,10.7
1752,3752,97,6.0,406.22,23.3
1753,610,2853,9.0,322.04,2.11
1754,910,80,1.0,601.69,27.08
1755,749,78,8.0,655.11,14.0
1756,713,7,4.0,274.98,26.46
1757,150,94,9.0,78.55,3.15
1758,241,60,4.0,398.46,19.35
1759,292,79,5.0,619.6,19.28
1760,284,6,10.0,445.74,11.57
1761,670,99,6.0,64.43,28.1
1762,594,66,10.0,268.26,25.87
1763,621,74,6.0,542.98,6.69
1764,682,71,8.0,142.67,9.2
1765,711,57,2.0,229.1,11.64
1766,881,85,1.0,607.98,4.7
1767,514,2,4.0,570.91,28.62
1768,746,12,3.0,468.12,5.87
1769,688,16,8.0,377.6,4.19
1770,499,55,6.0,246.52,9.42
1771,43,20,7.0,246.11,29.23
1772,370,61,2.0,538.52,27.82
1773,152,94,1.0,76.74,12.16
1774,154,70,,316.24,20.85
1775,379,44,1.0,90.97,12.86
1776,552,87,4.0,400.47,29.58
1777,270,53,9.0,417.16,16.97
1778,856,55,-10.0,209.0,1.86
1779,3779,14,0.0,602.43,0.71
1780,695,5,10.0,23.54,13.71
1781,935,24,9.0,403.37,24.54
1782,860,77,7.0,127.55,25.5
1783,164,54,1.0,533.98,7.0
1784,187,7,10.0,258.74,26.67
1785,956,52,3.0,477.93,22.28
1786,172,74,5.0,519.36,17.39
1787,503,73,1.0,407.98,13.2
1788,837,23,4.0,344.79,14.84
1789,3789,90,5.0,581.14,26.03
1790,927,65,3.0,88.09,23.87
1791,151,88,7.0,11.37,5.88
1792,965,43,7.0,344.92,20.7
1793,313,74,2.0,490.23,3.7
1794,269,88,6.0,14.83,23.75
1795,632,34,9.0,324.62,0.04
1796,410,14,1.0,570.96,1.64
1797,232,71,8.0,139.48,27.36
1798,336,12,10.0,479.5,24.46
1799,29,2,3.0,595.57,20.58
1800,700,5,3.0,21.81,18.73
1801,472,84,6.0,467.16,17.85
1802,317,98,3.0,495.0,22.26
1803,289,37,4.0,200.58,20.4
1804,193,100,4.0,374.06,11.86
1805,623,69,7.0,374.18,10.31
1806,469,85,6.0,608.57,15.27
1807,36,28,6.0,508.51,20.22
1808,28,74,4.0,498.99,4.36
1809,100,12,1.0,528.91,25.85
1810,694,66,6.0,223.87,10.71
1811,682,85,4.0,697.78,0.25
1812,152,54,6.0,629.4,4.03
1813,560,74,8.0,475.4,18.29
1814,824,88,9.0,11.38,5.24
1815,107,71,8.0,136.06,12.89
1816,3816,35,3.0,384.72,25.93
1817,516,80,9.0,611.59,8.36
1818,777,9,1.0,427.9,21.66
1819,219,1,10.0,349.07,29.73
1820,258,32,1.0,515.34,15.84
1821,249,86,2.0,364.74,16.63
1822,719,8,-8.0,78.46,15.55
1823,105,17,8.0,21.83,6.4
1824,828,84,8.0,500.51,8.53
1825,429,9,2.0,376.31,0.43
1826,926,98,7.0,534.2,10.4
1827,411,46,5.0,496.08,25.64
1828,143,22,9.0,429.43,27.34
1829,280,92,5.0,140.47,20.78
1830,3830,20,2.0,243.85,18.51
1831,94,97,4.0,409.88,12.98
1832,301,57,8.0,263.23,21.07
1833,148,95,1.0,493.65,27.38
1834,276,11,1.0,155.32,6.66
1835,891,82,8.0,226.66,28.62
1836,860,83,1.0,543.64,10.69
1837,965,60,3.0,441.2,13.44
1838,168,6,3.0,513.41,15.64
1839,229,58,8.0,320.15,14.3
1840,71,75,5.0,516.01,11.73
1841,390,39,5.0,376.42,20.13
1842,192,80,3.0,615.88,13.96
1843,676,21,10.0,712.2,20.32
1844,3844,53,9.0,395.0,28.32
1845,251,4,4.0,322.57,22.78
1846,365,80,9.0,653.32,0.51
1847,212,26,-8.0,380.97,4.97
1848,327,47,10.0,113.97,26.94
1849,582,73,-6.0,402.0,7.2
1850,728,57,9.0,255.75,26.93
1851,965,41,6.0,719.83,26.83
1852,513,98,6.0,497.01,5.55
1853,504,38,1.0,559.86,4.07
1854,903,26,9.0,349.86,21.86
1855,741,22,5.0,449.11,5.19
1856,240,3,2.0,278.4,27.04
1857,169,74,10.0,612.61,14.35
1858,820,31,6.0,68.7,17.83
1859,209,95,4.0,472.58,2.06
1860,639,23,7.0,372.71,8.71
1861,3861,22,4.0,359.29,8.7
1862,167,78,9.0,651.98,20.32
1863,193,74,10.0,484.09,20.12
1864,576,90,8.0,576.23,25.88
1865,308,92,2.0,174.39,6.53
1866,634,65,8.0,97.36,3.36
1867,24,32,5.0,532.07,2.3
1868,401,92,6.0,167.11,19.59
1869,387,27,1.0,632.47,15.11
1870,874,99,8.0,75.98,22.79
1871,791,55,-8.0,239.19,12.08
1872,407,78,3.0,673.85,1.78
1873,326,2,10.0,558.77,1.46
1874,222,4,7.0,367.96,8.56
1875,566,84,8.0,528.79,14.79
1876,333,89,6.0,191.03,9.49
1877,788,74,1.0,544.98,4.95
1878,556,27,8.0,612.27,5.78
1879,34,31,8.0,65.95,23.99
1880,967,13,8.0,350.08,3.17
1881,589,52,5.0,452.83,3.33
1882,82,23,5.0,418.45,2.18
1883,315,4,7.0,331.11,22.46
1884,348,35,6.0,381.62,29.09
1885,948,100,4.0,318.22,0.82
1886,280,41,6.0,616.09,-1.14
1887,424,18,3.0,506.5,17.61
1888,708,94,8.0,75.61,15.91
1889,896,75,-8.0,509.23,0.88
1890,417,47,2.0,117.8,7.79
1891,20,68,9.0,465.4,24.39
1892,177,74,10.0,509.22,5.44
1893,628,55,5.0,248.76,20.9
1894,363,17,3.0,20.84,29.01
1895,954,9,8.0,380.47,23.49
1896,189,87,7.0,452.85,12.68
1897,499,88,1.0,13.28,28.98
1898,638,84,7.0,440.23,25.69
1899,963,72,5.0,342.37,26.69
1900,793,70,4.0,355.2,21.39
1901,588,16,1.0,414.25,8.22
1902,99,44,3.0,74.1,15.74
1903,39,67,5.0,550.35,21.83
1904,123,52,7.0,395.96,17.48
1905,591,39,5.0,463.21,24.4
1906,879,44,3.0,90.0,29.11
1907,746,1,9.0,328.03,7.27
1908,89,94,1.0,70.21,14.49
1909,419,53,3.0,483.3,6.1
1910,663,59,,131.68,29.25
1911,700,3011,10.0,22.8,7.38
1912,647,94,7.0,71.62,1.1
1913,3913,66,9.0,272.89,13.06
1914,886,88,7.0,14.66,20.2
1915,325,55,6.0,238.52,4.8
1916,278,74,1.0,480.47,4.47
1917,407,29,3.0,453.91,7.67
1918,976,3018,1.0,332.94,7.74
1919,233,56,3.0,291.92,14.36
1920,572,98,10.0,521.92,25.22
1921,947,77,4.0,132.21,7.74
1922,714,99,9.0,72.54,25.65
1923,191,75,1.0,557.3,23.0
1924,8,75,4.0,511.09,13.37
1925,909,88,9.0,13.57,11.01
1926,131,63,1.0,186.54,15.71
1927,771,87,7.0,350.61,29.32
1928,865,40,3.0,270.43,23.75
1929,446,42,3.0,222.82,29.72
1930,372,34,3.0,383.15,17.16
1931,933,87,4.0,395.69,7.14
1932,776,87,6.0,434.81,21.82
1933,447,95,7.0,478.1,13.73
1934,483,39,10.0,361.16,17.51
1935,3935,68,5.0,366.04,3.09
1936,248,57,10.0,238.42,7.72
1937,8,73,5.0,376.2,11.04
1938,503,7,-2.0,279.58,14.03
1939,227,22,7.0,446.93,24.8
1940,292,58,4.0,383.37,0.15
1941,3941,71,7.0,168.13,6.24
1942,317,97,9.0,408.46,14.07
1943,962,62,1.0,118.22,5.93
1944,938,91,6.0,137.93,10.5
1945,279,74,5.0,573.2,29.06
1946,904,99,6.0,57.02,9.95
1947,90,57,5.0,238.2,27.67
1948,456,34,10.0,381.26,15.1
1949,60,6,10.0,440.67,11.8
1950,272,39,4.0,417.67,5.3
1951,703,5,9.0,23.08,6.29
1952,298,1,10.0,356.94,13.24
1953,597,95,7.0,540.14,1.33
1954,836,90,6.0,589.21,27.79
1955,3955,39,9.0,389.94,25.35
1956,3956,29,6.0,340.36,17.58
1957,809,14,1.0,585.11,25.68
1958,934,8,2.0,82.13,3.48
1959,742,46,10.0,605.89,6.68
1960,449,56,8.0,255.93,9.34
1961,209,97,9.0,498.49,135.4
1962,986,27,2.0,529.04,28.85
1963,881,34,1.0,365.31,20.29
1964,372,45,8.0,297.55,2.05
1965,186,95,1.0,567.77,17.76
1966,440,87,2.0,453.89,1.9
1967,748,86,4.0,393.89,6.65
1968,598,66,10.0,251.82,4.52
1969,679,56,9.0,330.45,25.37
1970,649,98,0.0,409.01,4.9
1971,863,3071,2.0,164.69,20.67
1972,262,53,9.0,452.74,3.07
1973,861,55,5.0,198.04,12.12
1974,758,65,3.0,83.2,12.97
1975,653,45,1.0,352.66,2.35
1976,17,46,8.0,612.26,20.23
1977,416,78,10.0,557.43,28.14
1978,538,52,5.0,453.65,148.13
1979,826,50,7.0,430.39,13.06
1980,535,52,10.0,475.35,14.49
1981,388,64,0.0,389.25,28.04
1982,735,42,,202.75,22.28
1983,858,80,7.0,567.39,28.67
1984,9,94,6.0,83.52,15.45
1985,338,80,3.0,688.46,3.71
1986,944,35,4.0,366.94,20.95
1987,32,69,8.0,417.15,25.74
1988,897,76,3.0,158.26,2.9
1989,151,28,10.0,476.78,15.07
1990,824,50,5.0,489.68,15.58
1991,831,43,8.0,431.74,10.4
1992,720,67,3.0,648.73,18.79
1993,191,42,2.0,214.87,16.71
1994,48,33,4.0,210.06,120.44
1995,388,69,9.0,394.32,24.83
1996,133,61,2.0,563.39,11.7
1997,381,91,3.0,161.19,8.87
1998,810,3098,-2.0,242.15,8.58
1999,612,40,8.0,232.52,17.85
2000,831,47,4.0,126.0,4.94
